,Total Drones,Active Drones,Collisions,Completed Deliveries,Avg Delivery Time [minutes],Deliveries Per Minute,Time Per Meter [seconds],Min Altitude,Mean Altitude,Max Altitude
0,10,10,0,0,0.0,0.0,0.0,10.0,14.0,15.0
1,10,10,0,0,0.0,0.0,0.0,15.0,19.0,20.0
2,10,10,0,0,0.0,0.0,0.0,20.0,24.0,25.0
3,10,10,0,0,0.0,0.0,0.0,25.0,29.0,30.0
4,10,10,0,0,0.0,0.0,0.0,30.0,34.0,35.0
5,10,10,0,0,0.0,0.0,0.0,35.0,39.0,40.0
6,10,10,0,0,0.0,0.0,0.0,40.0,44.017808461130464,45.19142527139105
7,10,10,0,0,0.0,0.0,0.0,37.81526904931581,48.033075299992475,50.364519484790655
8,10,10,0,0,0.0,0.0,0.0,42.81526904931581,53.1092279149294,57.07454286552762
9,10,10,0,0,0.0,0.0,0.0,47.80675934653296,54.60003405360222,57.104325334350904
10,10,10,0,0,0.0,0.0,0.0,52.8366952437039,55.04595982152065,57.00727621664032
11,10,10,0,0,0.0,0.0,0.0,54.127598981271404,55.994962677518664,57.33797471792596
12,10,10,0,0,0.0,0.0,0.0,55.25788053615038,56.41052939732443,57.552711663350266
13,10,10,0,0,0.0,0.0,0.0,37.53589222178592,54.38751548163036,57.51571615005004
14,10,10,0,0,0.0,0.0,0.0,42.53589222178593,56.28439117553838,75.87064147037132
15,10,10,0,0,0.0,0.0,0.0,39.122127658036845,55.44045828925182,75.77924135985273
16,10,10,0,0,0.0,0.0,0.0,44.122127658036845,56.32398262899595,72.77924135985273
17,10,10,0,0,0.0,0.0,0.0,48.16738929528523,59.71974556408354,77.48782012346454
18,10,10,0,0,0.0,0.0,0.0,52.266669077048874,57.85059091112298,66.77924135985273
19,10,10,0,0,0.0,0.0,0.0,42.22824979793004,58.727474238554215,76.65675682236301
20,10,10,0,0,0.0,0.0,0.0,48.0300005922344,57.65743265583838,65.37924741561051
21,10,10,0,0,0.0,0.0,0.0,52.61025947425149,59.606047112098736,76.40974636246284
22,10,10,0,0,0.0,0.0,0.0,54.77924135985273,60.23065936870864,76.88329129333609
23,10,10,0,0,0.0,0.0,0.0,51.77924135985273,59.738186095239755,78.85614526242512
24,10,10,0,0,0.0,0.0,0.0,48.77924135985273,59.365958057759485,76.51516365945307
25,10,10,0,0,0.0,0.0,0.0,45.77924135985273,61.77489579102003,76.6716767578243
26,10,10,0,0,0.0,0.0,0.0,42.77924135985273,63.07025022850807,87.73703476356481
27,10,10,0,0,0.0,0.0,0.0,39.77924135985273,59.11943074706064,76.63534136300886
28,10,10,0,0,0.0,0.0,0.0,36.77924135985273,56.2753427632653,69.91496015067885
29,10,10,0,0,0.0,0.0,0.0,33.77924135985273,55.8974427821928,68.80768912223277
30,10,10,0,0,0.0,0.0,0.0,30.779241359852733,57.544359383915776,77.74316097677867
31,10,10,0,0,0.0,0.0,0.0,27.779241359852733,58.80750375508851,77.9255944907899
32,10,10,0,0,0.0,0.0,0.0,24.779241359852733,54.70326339219851,66.80718602709186
33,10,10,0,0,0.0,0.0,0.0,21.779241359852733,55.65566927762545,81.33587897364843
34,10,10,0,0,0.0,0.0,0.0,18.779241359852733,53.31562871519814,67.92638420053204
35,10,10,0,0,0.0,0.0,0.0,15.779241359852733,52.33571819114381,68.10370812387598
36,10,10,0,0,0.0,0.0,0.0,12.779241359852733,53.457449902139636,88.17912622641671
37,10,10,0,0,0.0,0.0,0.0,9.779241359852733,50.229016899699765,70.02480109648809
38,10,10,0,0,0.0,0.0,0.0,9.779241359852733,49.310954200682396,72.99598515901418
39,10,10,0,0,0.0,0.0,0.0,14.779241359852733,49.13526281347834,74.14048810724333
40,10,10,0,0,0.0,0.0,0.0,18.885371838192057,48.46381647230796,75.25850760873668
41,10,10,0,0,0.0,0.0,0.0,15.885371838192057,50.66363846487784,82.21633859517111
42,10,10,0,0,0.0,0.0,0.0,12.885371838192057,47.397587099342445,75.48523090177481
43,10,10,0,0,0.0,0.0,0.0,9.885371838192057,46.81549442176635,74.66265736742912
44,10,10,0,0,0.0,0.0,0.0,9.885371838192057,46.61530884836892,75.6309784260149
45,10,10,0,0,0.0,0.0,0.0,14.885371838192057,46.385824017810265,75.49447634699197
46,10,10,0,0,0.0,0.0,0.0,19.885371838192057,48.47002293521111,82.77092533207546
47,10,10,0,0,0.0,0.0,0.0,19.176465372550638,47.96703029645964,82.8402470703349
48,10,10,0,0,0.0,0.0,0.0,16.176465372550638,47.419932652150216,82.90073309820305
49,10,10,0,0,0.0,0.0,0.0,13.176465372550638,46.54890497242873,82.98687063518875
50,10,10,0,0,0.0,0.0,0.0,10.176465372550638,45.74760990146056,83.02857708161774
51,10,10,0,0,0.0,0.0,0.0,9.0,45.25471902247134,83.16024647146307
52,10,10,0,0,0.0,0.0,0.0,9.0,45.05337468437507,83.01419804820992
53,10,10,0,0,0.0,0.0,0.0,9.0,45.14772076100928,82.94227885136834
54,10,10,0,0,0.0,0.0,0.0,13.69325476551596,49.19081889220083,83.0924038720831
55,10,10,0,0,0.0,0.0,0.0,10.69325476551596,49.23769299936505,80.0924038720831
56,10,10,0,0,0.0,0.0,0.0,9.0,51.53374067802241,86.24925756689342
57,10,10,0,0,0.0,0.0,0.0,9.0,53.98087037748307,89.43727934587774
58,10,10,0,0,0.0,0.0,0.0,14.0,54.971047244814216,89.506511162249
59,10,10,0,0,0.0,0.0,0.0,11.11729593243804,51.87132664901867,89.33991437136642
60,10,10,0,0,0.0,0.0,0.0,9.0,55.33705890032375,86.96207089961963
61,10,10,0,0,0.0,0.0,0.0,9.0,58.419166603391474,87.0181493612513
62,10,10,0,0,0.0,0.0,0.0,14.0,59.38835223808129,80.33991437136642
63,10,10,0,0,0.0,0.0,0.0,19.0,58.167245684322594,77.33991437136642
64,10,10,0,0,0.0,0.0,0.0,24.0,57.432417734003025,75.06177686319403
65,10,10,0,0,0.0,0.0,0.0,29.0,60.35743558620872,87.84931988893501
66,10,10,0,0,0.0,0.0,0.0,34.0,58.148391299452555,78.8020059744735
67,10,10,0,0,0.0,0.0,0.0,39.0,60.572095372694584,87.59811016469615
68,10,10,0,0,0.0,0.0,0.0,41.092403872083096,60.739356769055256,87.6192729420866
69,10,10,0,0,0.0,0.0,0.0,38.092403872083096,60.41720430312463,87.45163542658013
70,10,10,0,0,0.0,0.0,0.0,35.092403872083096,61.62114248137067,87.53718119017995
71,10,10,0,0,0.0,0.0,0.0,32.092403872083096,61.04233307161853,87.54685783541237
72,10,10,0,0,0.0,0.0,0.0,29.092403872083096,60.01647584636032,87.59829496296474
73,10,10,0,0,0.0,0.0,0.0,26.092403872083096,58.65485208990502,84.59829496296474
74,10,10,0,0,0.0,0.0,0.0,23.092403872083096,57.42990448494013,84.47746770295
75,10,10,0,0,0.0,0.0,0.0,20.092403872083096,55.932300331294186,84.42677316907317
76,10,10,0,0,0.0,0.0,0.0,17.092403872083096,52.81235580852175,84.4012663912201
77,10,10,0,0,0.0,0.0,0.0,14.092403872083096,49.77664648209372,72.59829496296474
78,10,10,0,0,0.0,0.0,0.0,11.092403872083096,50.399042078941726,79.0578705638405
79,10,10,0,0,0.0,0.0,0.0,9.0,49.211747135650185,79.03964584191256
80,10,10,0,0,0.0,0.0,0.0,9.0,47.90869896725209,79.13205305839912
81,10,10,0,0,0.0,0.0,0.0,14.0,47.41478757563824,79.31789094321425
82,10,10,0,0,0.0,0.0,0.0,14.170506991703945,45.08653696327453,65.99970111171206
83,10,10,0,0,0.0,0.0,0.0,11.170506991703945,44.01038400580743,63.70355855855594
84,10,10,0,0,0.0,0.0,0.0,9.5,45.355569237929444,79.31406027004319
85,10,10,0,1,0.55,0.6976744186046512,1.064516129032258,9.5,44.38413862688564,79.44452002187951
86,10,10,0,1,0.55,0.6896551724137931,1.064516129032258,9.0,42.1236134949978,69.67211046455384
87,10,10,0,1,0.55,0.6818181818181819,1.064516129032258,9.0,43.01177728368539,79.28232907359272
88,10,10,0,1,0.55,0.6741573033707865,1.064516129032258,9.5,43.274385445213355,79.44191947111885
89,10,10,0,2,0.5416666666666666,1.3333333333333335,1.3,9.5,44.78742527698948,79.51167975435519
90,10,10,0,2,0.5416666666666666,1.3186813186813189,1.3,14.5,44.88233595430636,80.62372662639072
91,10,10,0,2,0.5416666666666666,1.3043478260869565,1.3,19.5,45.450824351788434,80.56511339823965
92,10,10,0,2,0.5416666666666666,1.2903225806451615,1.3,24.5,44.03562346649809,80.71370559593828
93,10,10,0,2,0.5416666666666666,1.2765957446808511,1.3,24.598294962964744,42.9284957234491,61.88282746756751
94,10,10,0,2,0.5416666666666666,1.263157894736842,1.3,21.598294962964744,43.92023587370339,62.81545979905718
95,10,10,0,2,0.5416666666666666,1.25,1.3,18.598294962964744,44.38676645668745,63.8985501099274
96,10,10,0,2,0.5416666666666666,1.2371134020618557,1.3,15.598294962964744,44.52042733709068,64.8048569193221
97,10,10,0,2,0.5416666666666666,1.2244897959183672,1.3,12.598294962964744,44.08108702050723,64.52754167948063
98,10,10,0,2,0.5416666666666666,1.2121212121212122,1.3,9.598294962964744,43.19070320487949,65.79897013842972
99,10,10,0,2,0.5416666666666666,1.2,1.3,9.598294962964744,42.131146445329264,66.83028799532747
100,10,10,0,2,0.5416666666666666,1.188118811881188,1.3,11.646792716800007,41.526161163022124,66.24958407309667
101,10,10,0,2,0.5416666666666666,1.1764705882352942,1.3,9.5,41.20484424948209,66.43276969392961
102,10,10,0,4,0.7166666666666667,2.3300970873786406,0.5620915032679739,9.5,39.31948406548228,66.61692754403464
103,10,10,0,4,0.7166666666666667,2.307692307692308,0.5620915032679739,14.5,41.023601932567765,65.69681417762484
104,10,10,0,4,0.7166666666666667,2.285714285714286,0.5620915032679739,19.5,44.139452752436554,66.88727455639432
105,10,10,0,4,0.7166666666666667,2.2641509433962264,0.5620915032679739,21.825813925400325,47.211431147095816,76.46845961401239
106,10,10,0,4,0.7166666666666667,2.2429906542056073,0.5620915032679739,18.825813925400325,44.33564023923824,69.78099057222566
107,10,10,0,4,0.7166666666666667,2.2222222222222223,0.5620915032679739,15.825813925400325,47.43949014522103,71.51056829148172
108,10,10,0,4,0.7166666666666667,2.2018348623853212,0.5620915032679739,12.825813925400325,45.14222699630494,70.58806744480556
109,10,10,0,4,0.7166666666666667,2.1818181818181817,0.5620915032679739,9.825813925400325,47.920387558147944,77.68455597469281
110,10,10,0,5,0.8133333333333332,2.7027027027027026,0.5483146067415731,9.825813925400325,46.67278331147358,71.20335917449692
111,10,10,0,5,0.8133333333333332,2.678571428571429,0.5483146067415731,13.942694823234675,48.198600052588525,71.14827257084154
112,10,10,0,5,0.8133333333333332,2.6548672566371683,0.5483146067415731,10.942694823234675,49.29278422817413,71.18375498111529
113,10,10,0,5,0.8133333333333332,2.631578947368421,0.5483146067415731,9.5,49.158355164066016,71.06610485992849
114,10,10,0,6,0.825,3.1304347826086953,0.5085616438356164,9.5,49.610676148269945,70.89593158772752
115,10,10,0,6,0.825,3.103448275862069,0.5085616438356164,14.5,49.86389396987591,70.88412750940746
116,10,10,0,6,0.825,3.0769230769230766,0.5085616438356164,19.5,50.780492289915784,70.93267067951963
117,10,10,0,6,0.825,3.050847457627119,0.5085616438356164,18.5841904098545,51.55383387150513,70.79499619579272
118,10,10,0,6,0.825,3.0252100840336134,0.5085616438356164,15.5841904098545,51.832022535567624,67.79499619579272
119,10,10,0,6,0.825,3.0,0.5085616438356164,12.5841904098545,52.00241126892497,64.79499619579272
120,10,9,0,6,0.825,2.975206611570248,0.5085616438356164,39.5,58.71887968330941,71.20359811815466
121,10,10,0,6,0.825,2.9508196721311473,0.5085616438356164,10.0,52.63216101761335,71.364625926096
122,10,10,0,6,0.825,2.926829268292683,0.5085616438356164,15.0,53.80461053619511,68.364625926096
123,10,10,0,6,0.825,2.903225806451613,0.5085616438356164,20.0,52.42947985438697,65.364625926096
124,10,10,0,6,0.825,2.88,0.5085616438356164,25.0,52.27093619003172,62.364625926096
125,10,10,0,6,0.825,2.8571428571428568,0.5085616438356164,30.0,51.59969694473995,61.31814487923852
126,10,10,0,6,0.825,2.8346456692913384,0.5085616438356164,34.31865280918231,51.159561747007025,63.273366765547365
127,10,10,0,6,0.825,2.8125,0.5085616438356164,31.31865280918231,50.81304495343145,65.22124594196491
128,10,10,0,6,0.825,2.7906976744186047,0.5085616438356164,28.31865280918231,50.12848428334796,66.4178808914025
129,10,10,0,6,0.825,2.769230769230769,0.5085616438356164,25.31865280918231,49.51695780570187,67.32100431689123
130,10,10,0,6,0.825,2.7480916030534353,0.5085616438356164,22.31865280918231,48.77697472116994,68.41586155483618
131,10,10,0,6,0.825,2.7272727272727275,0.5085616438356164,19.31865280918231,47.30760569937719,68.82135318588246
132,10,10,0,6,0.825,2.706766917293233,0.5085616438356164,16.31865280918231,45.78556409612962,69.69058867007803
133,10,10,0,6,0.825,2.6865671641791042,0.5085616438356164,13.31865280918231,44.36737719301094,69.5207425498623
134,10,10,0,6,0.825,2.666666666666667,0.5085616438356164,10.31865280918231,42.811719108066725,69.62430978204937
135,10,9,0,6,0.825,2.647058823529412,0.5085616438356164,16.79499619579272,46.631135718717765,69.5901270463185
136,10,10,0,6,0.825,2.6277372262773726,0.5085616438356164,13.79499619579272,41.96352481294275,69.77700598965609
137,10,10,0,6,0.825,2.608695652173913,0.5085616438356164,10.79499619579272,43.32442861386551,82.04750853425368
138,10,10,0,6,0.825,2.589928057553957,0.5085616438356164,9.0,42.499305366107016,81.88063984088188
139,10,10,0,6,0.825,2.5714285714285716,0.5085616438356164,9.0,42.18861348723392,82.04995899964233
140,10,10,0,7,0.85,2.9787234042553195,0.49445983379501385,9.5,42.18814654529898,83.17767871523525
141,10,10,0,7,0.85,2.957746478873239,0.49445983379501385,11.364625926095997,43.02374538770958,83.3376872148437
142,10,10,0,7,0.85,2.937062937062937,0.49445983379501385,9.5,45.294925012553605,83.3114963434242
143,10,10,0,8,0.8354166666666667,3.333333333333333,0.5082382762991128,9.5,47.50766394139761,85.28100312100196
144,10,10,0,8,0.8354166666666667,3.310344827586207,0.5082382762991128,14.5,48.20161130146822,86.09151299354288
145,10,10,0,8,0.8354166666666667,3.287671232876712,0.5082382762991128,12.07654235631854,48.71228921485057,88.23385824750052
146,10,10,0,8,0.8354166666666667,3.2653061224489797,0.5082382762991128,9.07654235631854,48.81684644765476,88.33601897619813
147,10,9,0,8,0.8354166666666667,3.2432432432432434,0.5082382762991128,29.5,54.041342742473915,89.36801262001141
148,10,10,0,8,0.8354166666666667,3.221476510067114,0.5082382762991128,15.0,48.75537124139326,89.37505585351616
149,10,10,0,8,0.8354166666666667,3.2,0.5082382762991128,20.0,52.17889886398008,88.50448663498311
150,10,10,0,8,0.8354166666666667,3.1788079470198674,0.5082382762991128,23.095070343016133,50.24015439081972,88.53184074929703
151,10,10,0,8,0.8354166666666667,3.1578947368421053,0.5082382762991128,20.095070343016133,54.47646077791397,88.5447895294375
152,10,10,0,8,0.8354166666666667,3.1372549019607843,0.5082382762991128,17.095070343016133,51.46962887830841,87.49241388514749
153,10,10,0,8,0.8354166666666667,3.116883116883117,0.5082382762991128,14.095070343016133,51.957378560995195,87.336350770875
154,10,10,0,8,0.8354166666666667,3.096774193548387,0.5082382762991128,11.095070343016133,51.33736920629163,87.29221675113773
155,10,10,0,8,0.8354166666666667,3.0769230769230766,0.5082382762991128,9.0,48.027947346464686,75.41304246370146
156,10,9,0,8,0.8354166666666667,3.0573248407643314,0.5082382762991128,18.88004790961054,52.63608046418572,75.57392408297575
157,10,10,0,8,0.8354166666666667,3.0379746835443036,0.5082382762991128,10.0,48.310184805979176,75.68332821636248
158,10,10,0,8,0.8354166666666667,3.018867924528302,0.5082382762991128,12.88004790961054,48.71473128344244,75.52677787343757
159,10,9,0,8,0.8354166666666667,3.0,0.5082382762991128,20.0,52.96931685675831,75.42700182746076
160,10,9,0,8,0.8354166666666667,2.981366459627329,0.5082382762991128,25.0,52.78757120326457,75.29491294009937
161,10,9,0,8,0.8354166666666667,2.962962962962963,0.5082382762991128,26.27309707027493,52.830591318797524,75.2937063947493
162,10,9,0,8,0.8354166666666667,2.9447852760736195,0.5082382762991128,23.27309707027493,53.04345811493437,82.28612602885232
163,10,9,0,8,0.8354166666666667,2.926829268292683,0.5082382762991128,20.27309707027493,53.4070663420565,82.0878801481534
164,10,9,0,8,0.8354166666666667,2.909090909090909,0.5082382762991128,17.27309707027493,52.36980965135898,82.16359060274146
165,10,9,0,8,0.8354166666666667,2.891566265060241,0.5082382762991128,14.273097070274929,53.70972391827891,85.25599307692723
166,10,9,0,8,0.8354166666666667,2.874251497005988,0.5082382762991128,11.273097070274929,51.29823842867503,85.37589203058509
167,10,9,0,8,0.8354166666666667,2.8571428571428568,0.5082382762991128,9.5,53.65388716189472,85.52952581635304
168,10,9,0,9,0.8925925925925926,3.195266272189349,0.48490945674044267,9.5,51.54532695946249,85.36653509627588
169,10,8,0,9,0.8925925925925926,3.176470588235294,0.48490945674044267,14.5,57.76425518863891,85.48069195387961
170,10,9,0,9,0.8925925925925926,3.1578947368421053,0.48490945674044267,10.0,52.60079938135718,85.6417078301576
171,10,9,0,9,0.8925925925925926,3.1395348837209305,0.48490945674044267,15.0,53.51905769117943,85.561184661552
172,10,9,0,9,0.8925925925925926,3.121387283236994,0.48490945674044267,20.0,54.1178574015511,85.58403995591357
173,10,9,0,9,0.8925925925925926,3.103448275862069,0.48490945674044267,25.0,54.4563472014028,85.71093352609036
174,10,9,0,9,0.8925925925925926,3.085714285714286,0.48490945674044267,30.0,54.48250196540868,85.74613065419825
175,10,10,0,9,0.8925925925925926,3.0681818181818183,0.48490945674044267,10.0,49.658863385974776,82.74613065419825
176,10,10,0,9,0.8925925925925926,3.050847457627119,0.48490945674044267,15.0,49.94990894272792,79.74613065419825
177,10,10,0,9,0.8925925925925926,3.033707865168539,0.48490945674044267,20.0,50.11986377755252,76.74613065419825
178,10,10,0,9,0.8925925925925926,3.016759776536313,0.48490945674044267,25.0,50.31526768468801,73.74613065419825
179,10,10,0,9,0.8925925925925926,3.0,0.48490945674044267,30.0,49.704563935096076,70.74613065419825
180,10,10,0,9,0.8925925925925926,2.983425414364641,0.48490945674044267,29.449543591208354,48.89065062678265,67.74613065419825
181,10,10,0,9,0.8925925925925926,2.9670329670329667,0.48490945674044267,26.449543591208354,48.20100170863172,64.74613065419825
182,10,10,0,9,0.8925925925925926,2.9508196721311473,0.48490945674044267,23.449543591208354,47.301633513999654,63.532715435778215
183,10,10,0,9,0.8925925925925926,2.9347826086956523,0.48490945674044267,20.449543591208354,46.444702324786846,65.2274480155176
184,10,10,0,9,0.8925925925925926,2.9189189189189193,0.48490945674044267,17.449543591208354,46.03955533504393,65.22662828389646
185,10,10,0,9,0.8925925925925926,2.903225806451613,0.48490945674044267,14.449543591208354,44.28934735675992,75.63282360742271
186,10,10,0,9,0.8925925925925926,2.8877005347593583,0.48490945674044267,11.449543591208354,43.070194731977686,74.63268352285282
187,10,9,0,9,0.8925925925925926,2.872340425531915,0.48490945674044267,16.21849180883906,45.816052371576426,74.77045638803375
188,10,10,0,9,0.8925925925925926,2.8571428571428568,0.48490945674044267,10.0,39.7513037547928,64.30950613215711
189,10,10,0,9,0.8925925925925926,2.8421052631578947,0.48490945674044267,10.218491808839062,39.62433208110526,64.6004078964078
190,10,10,0,9,0.8925925925925926,2.8272251308900525,0.48490945674044267,9.0,39.105814087728746,65.34590263906378
191,10,10,0,10,0.89,3.125,0.454855195911414,9.0,39.03531258953139,65.36968290998497
192,10,10,0,10,0.89,3.1088082901554404,0.454855195911414,14.0,40.33130636348993,65.32272259102564
193,10,10,0,10,0.89,3.092783505154639,0.454855195911414,15.721675664398603,40.749973283964565,65.49534213083048
194,10,10,0,10,0.89,3.0769230769230766,0.454855195911414,12.721675664398603,43.479692097481454,75.88708261614072
195,10,10,0,10,0.89,3.0612244897959187,0.454855195911414,9.721675664398603,44.35881485490437,75.8438823696964
196,10,9,0,10,0.89,3.045685279187817,0.454855195911414,19.746130654198254,52.131691776959656,86.3911342073884
197,10,10,0,10,0.89,3.0303030303030303,0.454855195911414,15.0,47.440817593041906,86.26298612894271
198,10,10,0,10,0.89,3.0150753768844223,0.454855195911414,13.746130654198254,48.14835777654224,86.46154089516575
199,10,10,0,10,0.89,3.0,0.454855195911414,10.746130654198254,48.08150304162838,68.65025562181526
200,10,10,0,10,0.89,2.985074626865672,0.454855195911414,9.0,51.87932237174923,86.63150577879516
201,10,10,0,10,0.89,2.9702970297029703,0.454855195911414,9.0,53.33311039930061,86.70500121958987
202,10,10,0,10,0.89,2.955665024630542,0.454855195911414,14.0,54.5237675740474,86.86470007055414
203,10,10,0,10,0.89,2.941176470588235,0.454855195911414,19.0,55.4437793037407,69.9224759920087
204,10,10,0,10,0.89,2.926829268292683,0.454855195911414,24.0,58.194523054657,87.02028812152837
205,10,10,0,10,0.89,2.912621359223301,0.454855195911414,29.0,59.50546410607749,86.87441323798068
206,10,10,0,10,0.89,2.898550724637681,0.454855195911414,34.0,58.33001253709991,87.03964809587053
207,10,10,0,10,0.89,2.8846153846153846,0.454855195911414,35.13633263866319,56.78034208651127,71.20657702839094
208,10,10,0,10,0.89,2.8708133971291865,0.454855195911414,32.13633263866319,58.12773403686507,87.40093323198765
209,10,10,0,10,0.89,2.8571428571428568,0.454855195911414,29.13633263866319,56.01998877980456,88.48097927101428
210,10,10,0,10,0.89,2.8436018957345968,0.454855195911414,26.13633263866319,55.019141424303996,75.63869645785451
211,10,10,0,10,0.89,2.8301886792452833,0.454855195911414,23.13633263866319,52.75871965442957,76.70144346027459
212,10,10,0,10,0.89,2.816901408450704,0.454855195911414,20.13633263866319,54.2321392009876,76.86183677245381
213,10,10,0,10,0.89,2.803738317757009,0.454855195911414,17.13633263866319,55.33856816817141,77.97915385367169
214,10,10,0,10,0.89,2.7906976744186047,0.454855195911414,14.136332638663191,52.23246941234176,78.14429879534234
215,10,10,0,10,0.89,2.7777777777777777,0.454855195911414,11.136332638663191,53.11301516428199,79.05824269958377
216,10,10,0,10,0.89,2.7649769585253456,0.454855195911414,9.0,51.76429541903053,79.01334108003385
217,10,10,0,10,0.89,2.7522935779816518,0.454855195911414,9.0,48.43928893683296,79.20002820602666
218,10,10,0,10,0.89,2.73972602739726,0.454855195911414,14.0,48.33086378065635,79.39389998055472
219,10,10,0,10,0.89,2.7272727272727275,0.454855195911414,19.0,48.12346097673109,79.3975229816648
220,10,10,0,10,0.89,2.7149321266968327,0.454855195911414,16.971902129959176,45.40798082184524,76.3975229816648
221,10,10,0,10,0.89,2.7027027027027026,0.454855195911414,13.971902129959176,44.32687045508108,73.3975229816648
222,10,10,0,10,0.89,2.6905829596412554,0.454855195911414,10.971902129959176,43.0444616890132,70.3975229816648
223,10,10,0,10,0.89,2.678571428571429,0.454855195911414,9.0,41.81953873721684,67.3975229816648
224,10,10,0,10,0.89,2.666666666666667,0.454855195911414,9.0,40.835086748312754,64.3975229816648
225,10,10,0,10,0.89,2.6548672566371683,0.454855195911414,9.5,40.52220087155332,64.40261177885444
226,10,10,0,11,0.8621212121212121,2.907488986784141,0.4671592775041051,9.0,40.017129834507834,64.58223789686406
227,10,10,0,11,0.8621212121212121,2.894736842105263,0.4671592775041051,9.0,40.17179221157182,64.75606173161312
228,10,10,0,11,0.8621212121212121,2.8820960698689957,0.4671592775041051,14.0,40.464917497456526,64.84811212214954
229,10,10,0,11,0.8621212121212121,2.8695652173913047,0.4671592775041051,19.0,40.47481907983473,64.82386130760418
230,10,10,0,11,0.8621212121212121,2.8571428571428568,0.4671592775041051,16.056517070500036,40.564092609131364,61.823861307604176
231,10,10,0,11,0.8621212121212121,2.8448275862068964,0.4671592775041051,13.056517070500036,40.34572177710221,61.819925191380364
232,10,10,0,11,0.8621212121212121,2.8326180257510734,0.4671592775041051,10.056517070500036,42.134861616811484,68.92590472322387
233,10,10,0,11,0.8621212121212121,2.8205128205128203,0.4671592775041051,9.0,39.7246203172371,62.791341070898525
234,10,10,0,11,0.8621212121212121,2.8085106382978724,0.4671592775041051,9.0,39.851340624656686,62.89155817068024
235,10,10,0,11,0.8621212121212121,2.7966101694915255,0.4671592775041051,14.0,40.04254277004581,61.73019377334663
236,10,10,0,11,0.8621212121212121,2.7848101265822787,0.4671592775041051,16.245473198902005,39.51954618834045,61.49008653956858
237,10,10,0,11,0.8621212121212121,2.773109243697479,0.4671592775041051,13.245473198902005,38.67169018926201,61.49632530358562
238,10,10,0,11,0.8621212121212121,2.761506276150628,0.4671592775041051,10.245473198902005,38.25253626452742,64.49255290424416
239,10,10,0,11,0.8621212121212121,2.75,0.4671592775041051,9.0,39.8766838037947,89.01402799255774
240,10,10,0,11,0.8621212121212121,2.7385892116182573,0.4671592775041051,9.0,39.17644383058832,88.96727234707824
241,10,9,0,11,0.8621212121212121,2.7272727272727275,0.4671592775041051,13.397522981664807,42.893980953196994,90.14007233951844
242,10,10,0,11,0.8621212121212121,2.7160493827160495,0.4671592775041051,10.0,38.07625483164864,76.01763758089997
243,10,10,0,11,0.8621212121212121,2.7049180327868854,0.4671592775041051,9.0,39.222087757611106,78.94201415389418
244,10,9,0,11,0.8621212121212121,2.693877551020408,0.4671592775041051,10.656173216101507,45.051422716598466,91.7820124795188
245,10,10,0,11,0.8621212121212121,2.682926829268293,0.4671592775041051,9.5,43.444568332817106,80.9810571855435
246,10,10,0,12,0.8527777777777777,2.91497975708502,0.4613072877535687,9.5,45.350646548037915,81.85182296028934
247,10,10,0,12,0.8527777777777777,2.903225806451613,0.4613072877535687,10.823861307604176,47.24891349473579,81.8529533412723
248,10,10,0,12,0.8527777777777777,2.891566265060241,0.4613072877535687,9.0,47.87271997071982,80.46054795046471
249,10,10,0,12,0.8527777777777777,2.88,0.4613072877535687,9.0,51.16599122861298,80.30308131167332
250,10,10,0,12,0.8527777777777777,2.8685258964143427,0.4613072877535687,14.0,56.576885846403414,82.9664178025495
251,10,10,0,12,0.8527777777777777,2.8571428571428568,0.4613072877535687,19.0,59.314221814188066,90.5020321624357
252,10,10,0,12,0.8527777777777777,2.8458498023715415,0.4613072877535687,24.0,60.748812351885945,89.3201947413082
253,10,10,0,12,0.8527777777777777,2.8346456692913384,0.4613072877535687,29.0,60.00551117031146,87.13830783244852
254,10,10,0,12,0.8527777777777777,2.8235294117647056,0.4613072877535687,34.0,60.193556363466584,82.54952514158829
255,10,10,0,12,0.8527777777777777,2.8125,0.4613072877535687,39.0,61.04171211606892,82.4577723694122
256,10,10,0,12,0.8527777777777777,2.801556420233463,0.4613072877535687,44.0,61.80081912548202,82.31705811860763
257,10,10,0,12,0.8527777777777777,2.7906976744186047,0.4613072877535687,49.06898809627725,64.04025167543374,81.50203981758207
258,10,10,0,12,0.8527777777777777,2.7799227799227797,0.4613072877535687,52.19168650633759,64.21316512547514,81.6557789834114
259,10,10,0,12,0.8527777777777777,2.769230769230769,0.4613072877535687,55.26819469455076,65.90264650974838,81.59342646835674
260,10,10,0,12,0.8527777777777777,2.7586206896551726,0.4613072877535687,53.68502727789743,65.25568856900722,80.62367612247715
261,10,10,0,12,0.8527777777777777,2.7480916030534353,0.4613072877535687,52.65782234907576,61.06780666109071,76.86036761881964
262,10,10,0,12,0.8527777777777777,2.737642585551331,0.4613072877535687,52.36643149430127,60.76722280543585,77.05056191438337
263,10,10,0,12,0.8527777777777777,2.7272727272727275,0.4613072877535687,49.36643149430127,60.29648292725547,77.02372251857275
264,10,10,0,12,0.8527777777777777,2.7169811320754715,0.4613072877535687,46.36643149430127,59.629286556218666,77.12775790301365
265,10,10,0,12,0.8527777777777777,2.706766917293233,0.4613072877535687,43.36643149430127,58.729255407651465,77.09485109188535
266,10,10,0,12,0.8527777777777777,2.696629213483146,0.4613072877535687,40.36643149430127,56.10724529064392,65.18766666782415
267,10,10,0,12,0.8527777777777777,2.6865671641791042,0.4613072877535687,37.36643149430127,54.97572339538176,68.05020613329059
268,10,10,0,12,0.8527777777777777,2.6765799256505574,0.4613072877535687,34.36643149430127,53.629044034412175,71.77379333392003
269,10,10,0,12,0.8527777777777777,2.666666666666667,0.4613072877535687,31.366431494301267,51.92805179804573,72.87528988197671
270,10,10,0,12,0.8527777777777777,2.6568265682656826,0.4613072877535687,28.366431494301267,50.81694842850145,72.80128948022868
271,10,10,0,12,0.8527777777777777,2.647058823529412,0.4613072877535687,25.366431494301267,49.332656099674374,72.76926253415172
272,10,10,0,12,0.8527777777777777,2.6373626373626378,0.4613072877535687,22.366431494301267,47.83191988719434,72.86023802909824
273,10,10,0,12,0.8527777777777777,2.6277372262773726,0.4613072877535687,19.366431494301267,46.12646808877762,72.83178455168706
274,10,10,0,12,0.8527777777777777,2.618181818181818,0.4613072877535687,16.366431494301267,46.32157073848391,76.1830209248459
275,10,10,0,12,0.8527777777777777,2.608695652173913,0.4613072877535687,13.366431494301267,44.4335008712918,75.99913949613513
276,10,10,0,12,0.8527777777777777,2.5992779783393503,0.4613072877535687,10.366431494301267,44.22060179404231,89.97542030169548
277,10,10,0,13,0.8423076923076923,2.805755395683453,0.460406447091801,10.366431494301267,41.5709303809727,76.09010686865571
278,10,10,0,13,0.8423076923076923,2.795698924731183,0.460406447091801,12.051621019084138,40.54020533418494,76.20373318163487
279,10,10,0,13,0.8423076923076923,2.7857142857142856,0.460406447091801,9.5,39.62038403044013,76.38050525992578
280,10,10,0,14,0.8297619047619047,2.9893238434163703,0.4719025050778605,9.5,36.721158323151855,71.52501988317958
281,10,10,0,14,0.8297619047619047,2.9787234042553195,0.4719025050778605,10.881292664844779,36.5269473276452,68.52501988317958
282,10,10,0,14,0.8297619047619047,2.968197879858657,0.4719025050778605,9.5,36.560106848528,65.52501988317958
283,10,9,0,16,0.853125,3.380281690140845,0.48404255319148937,9.5,39.96531788752859,62.52501988317958
284,10,10,0,16,0.853125,3.368421052631579,0.48404255319148937,14.5,38.90531964451871,63.58564224402676
285,10,10,0,16,0.853125,3.3566433566433567,0.48404255319148937,19.5,40.99874011079837,65.53732461949747
286,10,10,0,16,0.853125,3.3449477351916377,0.48404255319148937,24.5,44.3130422289405,77.73550737218345
287,10,10,0,16,0.853125,3.333333333333333,0.48404255319148937,22.920287351551707,45.94035633534891,77.60959060545602
288,10,10,0,16,0.853125,3.3217993079584778,0.48404255319148937,19.920287351551707,47.2806851217925,77.47102044787324
289,10,10,0,16,0.853125,3.310344827586207,0.48404255319148937,16.920287351551707,48.67281472871991,77.27760882805157
290,10,10,0,16,0.853125,3.2989690721649483,0.48404255319148937,13.920287351551707,51.65482699493018,77.15222450163881
291,10,10,0,16,0.853125,3.287671232876712,0.48404255319148937,10.920287351551707,49.940904779918256,77.13320264520699
292,10,10,0,16,0.853125,3.2764505119453924,0.48404255319148937,9.0,50.09813205787536,68.21076269235026
293,10,9,0,16,0.853125,3.2653061224489797,0.48404255319148937,32.52501988317958,55.018283789692134,68.32474135486194
294,10,10,0,16,0.853125,3.254237288135593,0.48404255319148937,15.0,55.25610560364409,81.58585633280204
295,10,10,0,16,0.853125,3.2432432432432434,0.48404255319148937,20.0,56.173321377952604,82.55376886445276
296,10,10,0,16,0.853125,3.2323232323232323,0.48404255319148937,23.52501988317958,55.58777919391465,82.54018908232604
297,10,10,0,16,0.853125,3.221476510067114,0.48404255319148937,20.52501988317958,57.70056205962264,82.70107475183015
298,10,10,0,16,0.853125,3.210702341137124,0.48404255319148937,17.52501988317958,54.30969318974705,72.17413917479114
299,10,10,0,16,0.853125,3.2,0.48404255319148937,14.525019883179581,54.20473376166312,69.83749045576144
300,10,10,0,16,0.853125,3.1893687707641196,0.48404255319148937,11.525019883179581,54.11336995310322,71.6868895629982
301,10,10,0,16,0.853125,3.1788079470198674,0.48404255319148937,9.5,51.9964832365906,72.79147824063965
302,10,10,0,17,0.8549019607843138,3.366336633663366,0.4690693921463152,9.5,55.48089136417843,86.46882412914657
303,10,10,0,17,0.8549019607843138,3.3552631578947367,0.4690693921463152,14.5,53.57316457577696,86.35603030591011
304,10,10,0,17,0.8549019607843138,3.3442622950819674,0.4690693921463152,19.143451032233003,52.88655509692721,86.2810081775353
305,10,10,0,17,0.8549019607843138,3.333333333333333,0.4690693921463152,16.143451032233003,52.30690789869184,86.23846259532381
306,10,10,0,17,0.8549019607843138,3.322475570032573,0.4690693921463152,13.143451032233003,51.62155778932545,86.0874721316117
307,10,10,0,17,0.8549019607843138,3.3116883116883113,0.4690693921463152,10.143451032233003,50.951352096049426,86.24436808681189
308,10,9,0,17,0.8549019607843138,3.3009708737864076,0.4690693921463152,39.5,56.0718907159858,86.34694075646026
309,10,10,0,17,0.8549019607843138,3.2903225806451615,0.4690693921463152,15.0,50.56313161309968,86.24258582033671
310,10,10,0,17,0.8549019607843138,3.279742765273312,0.4690693921463152,20.0,50.03591624585049,86.06639859950126
311,10,10,0,17,0.8549019607843138,3.269230769230769,0.4690693921463152,25.0,49.72980767034391,85.93003794368235
312,10,10,0,17,0.8549019607843138,3.2587859424920125,0.4690693921463152,28.706955558639876,49.680152407101126,85.80814782254954
313,10,10,0,17,0.8549019607843138,3.248407643312102,0.4690693921463152,25.706955558639876,51.66915750708049,85.96091580525922
314,10,10,0,17,0.8549019607843138,3.238095238095238,0.4690693921463152,22.706955558639876,51.11681584099929,86.00175666892706
315,10,10,0,17,0.8549019607843138,3.227848101265823,0.4690693921463152,19.706955558639876,51.487405306208416,85.98650182194865
316,10,10,0,17,0.8549019607843138,3.217665615141956,0.4690693921463152,16.706955558639876,50.92506362921976,85.7930604923923
317,10,10,0,17,0.8549019607843138,3.207547169811321,0.4690693921463152,13.706955558639876,50.72588789551778,85.71962025253532
318,10,10,0,17,0.8549019607843138,3.1974921630094046,0.4690693921463152,10.706955558639876,48.333572704594935,79.7921004079986
319,10,10,0,17,0.8549019607843138,3.1875,0.4690693921463152,9.174139174791136,50.723189590084225,85.80233175600051
320,10,10,0,18,0.8962962962962963,3.364485981308411,0.4926208651399491,9.174139174791136,49.09385028951923,79.85849609515859
321,10,10,0,18,0.8962962962962963,3.3540372670807455,0.4926208651399491,14.174139174791136,47.8005414664392,74.12488140583204
322,10,10,0,18,0.8962962962962963,3.343653250773994,0.4926208651399491,11.672413981704963,48.63699435288388,74.27887245533414
323,10,10,0,18,0.8962962962962963,3.333333333333333,0.4926208651399491,9.0,52.707767397546185,79.44530795737745
324,10,10,0,18,0.8962962962962963,3.3230769230769233,0.4926208651399491,9.0,53.64128297032373,79.49502139488892
325,10,10,0,18,0.8962962962962963,3.312883435582822,0.4926208651399491,14.0,54.585255687385406,78.5571991708497
326,10,10,0,18,0.8962962962962963,3.302752293577982,0.4926208651399491,19.0,55.32285670725888,78.68669002883178
327,10,10,0,18,0.8962962962962963,3.292682926829268,0.4926208651399491,24.0,56.98260379936753,78.67128810022946
328,10,10,0,18,0.8962962962962963,3.2826747720364744,0.4926208651399491,29.0,57.01157682521127,78.60240698451516
329,10,10,0,18,0.8962962962962963,3.2727272727272725,0.4926208651399491,34.0,60.736556738297885,78.70056949817342
330,10,10,0,18,0.8962962962962963,3.2628398791540785,0.4926208651399491,38.48615884468546,60.1253139065676,81.63641352114318
331,10,10,0,18,0.8962962962962963,3.253012048192771,0.4926208651399491,35.48615884468546,59.63682513339721,81.54970134725103
332,10,10,0,18,0.8962962962962963,3.2432432432432434,0.4926208651399491,32.48615884468546,58.23882077528631,81.50089366009074
333,10,10,0,18,0.8962962962962963,3.2335329341317367,0.4926208651399491,29.486158844685463,59.803899037951666,81.67678438456295
334,10,10,0,18,0.8962962962962963,3.2238805970149254,0.4926208651399491,26.486158844685463,59.44650565129628,81.71059707657614
335,10,10,0,18,0.8962962962962963,3.214285714285714,0.4926208651399491,23.486158844685463,60.08678649990854,81.57340517794454
336,10,10,0,18,0.8962962962962963,3.2047477744807122,0.4926208651399491,20.486158844685463,59.06258654946619,81.46274091541021
337,10,10,0,18,0.8962962962962963,3.195266272189349,0.4926208651399491,17.486158844685463,58.272825735897854,81.64263618961255
338,10,10,0,18,0.8962962962962963,3.185840707964602,0.4926208651399491,14.486158844685463,58.39808754932748,88.17435923942409
339,10,10,0,18,0.8962962962962963,3.176470588235294,0.4926208651399491,11.486158844685463,55.99395657834698,79.90055768674982
340,10,10,0,18,0.8962962962962963,3.1671554252199416,0.4926208651399491,9.0,55.23779710239037,87.92954288434278
341,10,9,0,18,0.8962962962962963,3.1578947368421053,0.4926208651399491,16.77370779184298,57.25644239309823,87.8326852297948
342,10,10,0,18,0.8962962962962963,3.1486880466472305,0.4926208651399491,13.77370779184298,50.52244583069482,88.91374573705598
343,10,10,0,18,0.8962962962962963,3.1395348837209305,0.4926208651399491,10.77370779184298,49.16886376307908,78.0957028702239
344,10,10,0,18,0.8962962962962963,3.1304347826086953,0.4926208651399491,9.0,48.3020165408629,77.14659136170445
345,10,10,0,18,0.8962962962962963,3.121387283236994,0.4926208651399491,9.0,47.96392592004403,77.2062574985817
346,10,10,0,18,0.8962962962962963,3.112391930835735,0.4926208651399491,14.0,47.949328159199794,77.29719378232947
347,10,10,0,18,0.8962962962962963,3.103448275862069,0.4926208651399491,16.315693736845517,47.77463657350139,76.49002548624101
348,10,10,0,18,0.8962962962962963,3.0945558739255015,0.4926208651399491,13.315693736845517,47.515973858938466,76.38581627146495
349,10,10,0,18,0.8962962962962963,3.085714285714286,0.4926208651399491,10.315693736845517,47.0749642847306,76.41185860448685
350,10,10,0,18,0.8962962962962963,3.0769230769230766,0.4926208651399491,9.0,47.02081122283518,77.23063176275664
351,10,9,0,18,0.8962962962962963,3.0681818181818183,0.4926208651399491,33.961364741360285,50.29555081977724,76.37451787888946
352,10,10,0,18,0.8962962962962963,3.0594900849858355,0.4926208651399491,15.0,46.786078608351346,76.36049006914727
353,10,10,0,18,0.8962962962962963,3.050847457627119,0.4926208651399491,20.0,49.47702527343318,76.35278574453703
354,10,10,0,18,0.8962962962962963,3.0422535211267605,0.4926208651399491,24.961364741360285,49.81430743796895,76.22930439810285
355,10,10,0,18,0.8962962962962963,3.033707865168539,0.4926208651399491,21.961364741360285,48.26845547617929,76.34510762873803
356,10,10,0,18,0.8962962962962963,3.0252100840336134,0.4926208651399491,18.961364741360285,49.0580601610017,73.34510762873803
357,10,10,0,18,0.8962962962962963,3.016759776536313,0.4926208651399491,15.961364741360285,50.18120225922121,75.68879548481432
358,10,10,0,18,0.8962962962962963,3.0083565459610027,0.4926208651399491,12.961364741360285,47.478647375208155,75.58968199218413
359,10,9,0,18,0.8962962962962963,3.0,0.4926208651399491,15.642636189612546,49.34685775799143,67.35822625226601
360,10,10,0,18,0.8962962962962963,2.991689750692521,0.4926208651399491,12.642636189612546,46.00425674224964,68.34798211254689
361,10,10,0,18,0.8962962962962963,2.983425414364641,0.4926208651399491,9.642636189612546,45.76626067789029,70.32687902901196
362,10,9,0,18,0.8962962962962963,2.975206611570248,0.4926208651399491,9.642636189612546,50.0892960165456,71.363496665263
363,10,10,0,18,0.8962962962962963,2.9670329670329667,0.4926208651399491,10.0,46.99049708195695,71.47868491167893
364,10,10,0,18,0.8962962962962963,2.958904109589041,0.4926208651399491,15.0,50.47967313180233,78.2649511677913
365,10,10,0,18,0.8962962962962963,2.9508196721311473,0.4926208651399491,20.0,49.1251332091329,72.4520284465798
366,10,10,0,18,0.8962962962962963,2.9427792915531334,0.4926208651399491,25.0,50.296884522539855,72.61183730174353
367,10,10,0,18,0.8962962962962963,2.9347826086956523,0.4926208651399491,30.0,49.34622427039351,72.54074252970341
368,10,10,0,18,0.8962962962962963,2.926829268292683,0.4926208651399491,35.0,50.23627116119638,72.43154929260437
369,10,10,0,18,0.8962962962962963,2.9189189189189193,0.4926208651399491,34.345107628738035,52.517235488774645,77.32069106743624
370,10,10,0,18,0.8962962962962963,2.9110512129380055,0.4926208651399491,31.345107628738035,55.34558474231075,77.37205425356214
371,10,10,0,18,0.8962962962962963,2.903225806451613,0.4926208651399491,28.345107628738035,51.04446157370562,73.40609202593454
372,10,10,0,18,0.8962962962962963,2.8954423592493295,0.4926208651399491,25.345107628738035,50.37362853934411,70.40609202593454
373,10,10,0,18,0.8962962962962963,2.8877005347593583,0.4926208651399491,22.345107628738035,51.81673944766417,77.67473880138213
374,10,10,0,18,0.8962962962962963,2.88,0.4926208651399491,19.345107628738035,53.180956701680316,77.82433882906602
375,10,10,0,18,0.8962962962962963,2.872340425531915,0.4926208651399491,16.345107628738035,52.72139510654439,77.78889276994678
376,10,10,0,18,0.8962962962962963,2.8647214854111405,0.4926208651399491,13.345107628738035,49.571260532847276,77.96984506427086
377,10,10,0,18,0.8962962962962963,2.8571428571428568,0.4926208651399491,10.345107628738035,51.89728069822015,78.12254094824306
378,10,9,0,18,0.8962962962962963,2.8496042216358837,0.4926208651399491,22.486808338182826,53.95196480441329,78.12118846430312
379,10,10,0,18,0.8962962962962963,2.8421052631578947,0.4926208651399491,10.0,51.37876841025521,78.52711113300143
380,10,10,0,18,0.8962962962962963,2.8346456692913384,0.4926208651399491,15.0,51.105425066597334,78.5069023353467
381,10,10,0,18,0.8962962962962963,2.8272251308900525,0.4926208651399491,13.486808338182826,52.72996820396172,78.67871705472767
382,10,10,0,18,0.8962962962962963,2.8198433420365534,0.4926208651399491,10.486808338182826,51.92431981593152,78.86387738902621
383,10,10,0,18,0.8962962962962963,2.8125,0.4926208651399491,9.0,49.4746385273926,78.86956754027315
384,10,10,0,19,0.8833333333333333,2.961038961038961,0.486003861003861,9.0,48.86143271696699,75.86956754027315
385,10,10,0,19,0.8833333333333333,2.9533678756476687,0.486003861003861,14.0,49.19064360281662,77.52701655922873
386,10,10,0,19,0.8833333333333333,2.945736434108527,0.486003861003861,19.0,47.546991193965816,77.37538512303405
387,10,10,0,19,0.8833333333333333,2.938144329896907,0.486003861003861,24.0,50.49469794191093,77.25368403325567
388,10,10,0,19,0.8833333333333333,2.9305912596401025,0.486003861003861,22.40609202593454,49.016285608440924,77.43318438012722
389,10,10,0,19,0.8833333333333333,2.923076923076923,0.486003861003861,19.40609202593454,48.81715105586384,77.41942300897847
390,10,10,0,19,0.8833333333333333,2.915601023017903,0.486003861003861,16.40609202593454,48.40111317297548,77.22005271536963
391,10,10,0,19,0.8833333333333333,2.9081632653061225,0.486003861003861,13.40609202593454,49.620535300378684,74.22005271536963
392,10,10,0,19,0.8833333333333333,2.900763358778626,0.486003861003861,10.40609202593454,49.036675746984216,71.22005271536963
393,10,10,0,20,0.9,3.045685279187817,0.47808764940239046,10.40609202593454,48.65316432453534,71.3180163077157
394,10,10,0,20,0.9,3.0379746835443036,0.47808764940239046,15.40609202593454,47.95290681889894,71.1694297589984
395,10,10,0,20,0.9,3.0303030303030303,0.47808764940239046,20.40609202593454,47.387855686207345,71.12547465814438
396,10,10,0,20,0.9,3.022670025188917,0.47808764940239046,21.856386666959978,46.864962748025114,71.1577797764046
397,10,10,0,20,0.9,3.0150753768844223,0.47808764940239046,18.856386666959978,46.53517101374656,71.10761192328559
398,10,10,0,20,0.9,3.007518796992481,0.47808764940239046,15.856386666959978,45.2898137757099,68.10761192328559
399,10,10,0,20,0.9,3.0,0.47808764940239046,12.856386666959978,45.220169580971714,65.10761192328559
400,10,10,0,20,0.9,2.9925187032418954,0.47808764940239046,9.856386666959978,44.0072820985411,62.10761192328559
401,10,10,0,21,0.9182539682539682,3.134328358208955,0.49171270718232046,9.856386666959978,43.74123062673524,62.99856184805692
402,10,10,0,21,0.9182539682539682,3.126550868486352,0.49171270718232046,11.865900378792674,43.737197091455,64.36210816845542
403,10,10,0,21,0.9182539682539682,3.1188118811881185,0.49171270718232046,9.0,43.49595982161115,65.29666124447307
404,10,10,0,21,0.9182539682539682,3.111111111111111,0.49171270718232046,9.0,43.456890742839605,67.36825952405822
405,10,10,0,21,0.9182539682539682,3.103448275862069,0.49171270718232046,12.869567540273152,44.24959087512538,66.33712791693186
406,10,10,0,21,0.9182539682539682,3.0958230958230954,0.49171270718232046,9.869567540273152,44.186363594512365,66.13943138394971
407,10,10,0,21,0.9182539682539682,3.0882352941176467,0.49171270718232046,9.869567540273152,44.73045852908304,67.1565542004942
408,10,10,0,21,0.9182539682539682,3.0806845965770173,0.49171270718232046,14.869567540273152,45.29584584849951,67.04291675275252
409,10,10,0,21,0.9182539682539682,3.0731707317073167,0.49171270718232046,19.869567540273152,46.51568978304904,66.9776158280417
410,10,10,0,21,0.9182539682539682,3.065693430656934,0.49171270718232046,17.220052715369633,47.3882734423546,68.92516336750757
411,10,10,0,21,0.9182539682539682,3.058252427184466,0.49171270718232046,14.220052715369633,48.08227074897616,70.92033580117224
412,10,10,0,21,0.9182539682539682,3.050847457627119,0.49171270718232046,11.220052715369633,46.50368823443203,69.79538776088438
413,10,10,0,21,0.9182539682539682,3.0434782608695654,0.49171270718232046,9.5,46.81896800737945,69.85882023042956
414,10,10,0,22,0.9159090909090909,3.180722891566265,0.48340663734506195,9.5,47.89080940855614,70.77469701570776
415,10,10,0,22,0.9159090909090909,3.173076923076923,0.48340663734506195,14.5,48.867596069099186,78.17202773927913
416,10,10,0,22,0.9159090909090909,3.1654676258992804,0.48340663734506195,14.107611923285589,49.54743948066667,78.2878794899499
417,10,10,0,22,0.9159090909090909,3.1578947368421053,0.48340663734506195,11.107611923285589,50.23254234162586,79.30216870410075
418,10,10,0,22,0.9159090909090909,3.1503579952267304,0.48340663734506195,9.0,50.80404014009144,79.29238275683528
419,10,10,0,22,0.9159090909090909,3.142857142857143,0.48340663734506195,9.0,51.351432372886244,79.41671202164603
420,10,10,0,22,0.9159090909090909,3.135391923990499,0.48340663734506195,14.0,54.44311954302066,79.29237535065934
421,10,10,0,22,0.9159090909090909,3.1279620853080567,0.48340663734506195,19.0,58.34342382248417,86.53028031368345
422,10,10,0,22,0.9159090909090909,3.120567375886525,0.48340663734506195,24.0,56.58424446331634,86.65535495261173
423,10,10,0,22,0.9159090909090909,3.1132075471698113,0.48340663734506195,29.0,55.42412835364043,86.64895986405055
424,10,10,0,22,0.9159090909090909,3.1058823529411765,0.48340663734506195,29.29376792766918,56.0921103429421,79.71872022319651
425,10,10,0,22,0.9159090909090909,3.098591549295775,0.48340663734506195,26.29376792766918,57.529490770877445,86.88333840333624
426,10,10,0,22,0.9159090909090909,3.091334894613583,0.48340663734506195,23.29376792766918,59.927038932517426,86.75806053114992
427,10,10,0,22,0.9159090909090909,3.0841121495327104,0.48340663734506195,20.29376792766918,56.812269010525924,86.91847646680841
428,10,10,0,22,0.9159090909090909,3.0769230769230766,0.48340663734506195,17.29376792766918,57.390149258448176,88.07219124045072
429,10,10,0,22,0.9159090909090909,3.0697674418604652,0.48340663734506195,14.29376792766918,57.255750981845,88.14192948252558
430,10,10,0,22,0.9159090909090909,3.062645011600928,0.48340663734506195,11.29376792766918,57.171984895064135,88.44428588734105
431,10,10,0,22,0.9159090909090909,3.0555555555555554,0.48340663734506195,9.0,59.11965519141354,88.995612172617
432,10,10,0,22,0.9159090909090909,3.048498845265589,0.48340663734506195,9.0,56.34656337622589,76.11017975711378
433,10,9,0,22,0.9159090909090909,3.0414746543778803,0.48340663734506195,14.0,62.497959394227045,77.14036569363721
434,10,10,0,22,0.9159090909090909,3.0344827586206895,0.48340663734506195,10.0,55.64005164685352,77.10833275603395
435,10,10,0,22,0.9159090909090909,3.0275229357798166,0.48340663734506195,15.0,57.03118884544248,77.29581867165786
436,10,10,0,22,0.9159090909090909,3.0205949656750573,0.48340663734506195,20.0,59.535256300050875,77.30151275258565
437,10,10,0,22,0.9159090909090909,3.013698630136986,0.48340663734506195,25.0,58.952369422053515,78.40752323461697
438,10,10,0,22,0.9159090909090909,3.0068337129840548,0.48340663734506195,30.0,59.2505361199639,78.34334145251103
439,10,10,0,22,0.9159090909090909,3.0,0.48340663734506195,35.0,59.67455018061778,78.43416204555331
440,10,10,0,22,0.9159090909090909,2.993197278911565,0.48340663734506195,40.0,60.02674286131455,78.58874734566079
441,10,10,0,22,0.9159090909090909,2.9864253393665154,0.48340663734506195,39.33142871749364,60.13709321027996,78.45664200551447
442,10,10,0,22,0.9159090909090909,2.9796839729119635,0.48340663734506195,36.33142871749364,60.266498958371,78.42009699631988
443,10,10,0,22,0.9159090909090909,2.972972972972973,0.48340663734506195,33.33142871749364,61.32898587862765,78.57237323622213
444,10,10,0,22,0.9159090909090909,2.966292134831461,0.48340663734506195,30.331428717493637,60.875633259894684,78.56586207794884
445,10,10,0,22,0.9159090909090909,2.959641255605381,0.48340663734506195,27.331428717493637,60.25538641432347,78.6669078622819
446,10,10,0,22,0.9159090909090909,2.953020134228188,0.48340663734506195,24.331428717493637,59.63841238423238,78.56306954350764
447,10,10,0,22,0.9159090909090909,2.946428571428571,0.48340663734506195,21.331428717493637,58.7318528871632,77.46654084969964
448,10,10,0,22,0.9159090909090909,2.9398663697104674,0.48340663734506195,18.331428717493637,57.51099837756169,77.28840406148827
449,10,10,0,22,0.9159090909090909,2.9333333333333336,0.48340663734506195,15.331428717493637,56.596915333061716,76.68011299147882
450,10,10,0,22,0.9159090909090909,2.926829268292683,0.48340663734506195,12.331428717493637,57.119727164962555,89.86641258221205
451,10,10,0,22,0.9159090909090909,2.920353982300885,0.48340663734506195,9.5,55.7125259907004,89.6803475272215
452,10,10,0,23,0.908695652173913,3.0463576158940397,0.48661233993015135,9.0,54.79433875598022,88.52786182769887
453,10,9,0,23,0.908695652173913,3.039647577092511,0.48661233993015135,14.5,57.950324824129616,75.93510637179583
454,10,10,0,23,0.908695652173913,3.032967032967033,0.48661233993015135,15.0,53.15968621471668,75.79704918762042
455,10,10,0,23,0.908695652173913,3.026315789473684,0.48661233993015135,20.0,53.17817031572231,75.82283275407372
456,10,10,0,23,0.908695652173913,3.0196936542669586,0.48661233993015135,25.0,53.174432748574006,75.82809849171706
457,10,10,0,23,0.908695652173913,3.013100436681223,0.48661233993015135,30.0,52.6518154954663,74.96874907598772
458,10,10,0,23,0.908695652173913,3.0065359477124183,0.48661233993015135,27.174781534161895,52.4406884883323,75.0238610270943
459,10,10,0,23,0.908695652173913,3.0,0.48661233993015135,24.174781534161895,52.327229424268424,73.917886777647
460,10,10,0,23,0.908695652173913,2.9934924078091107,0.48661233993015135,21.174781534161895,50.34054960662791,65.84513207371351
461,10,10,0,23,0.908695652173913,2.987012987012987,0.48661233993015135,18.174781534161895,50.5169595672527,66.08282740153462
462,10,10,0,23,0.908695652173913,2.980561555075594,0.48661233993015135,15.174781534161895,52.208727056448446,87.1376467391799
463,10,10,0,23,0.908695652173913,2.974137931034483,0.48661233993015135,12.174781534161895,52.8733866411705,86.99373714915525
464,10,10,0,23,0.908695652173913,2.967741935483871,0.48661233993015135,9.5,49.52467058198229,86.8791201274552
465,10,10,0,24,0.9131944444444444,3.0901287553648067,0.48256880733944957,9.5,48.70475793890567,86.68839604008653
466,10,10,0,24,0.9131944444444444,3.0835117773019274,0.48256880733944957,14.5,47.632538116099184,86.69287280822819
467,10,10,0,24,0.9131944444444444,3.0769230769230766,0.48256880733944957,16.02281044680889,46.54667664106124,86.54575558238508
468,10,10,0,24,0.9131944444444444,3.070362473347548,0.48256880733944957,13.02281044680889,45.61197135377177,86.65809534179243
469,10,10,0,24,0.9131944444444444,3.0638297872340425,0.48256880733944957,10.02281044680889,44.408170989455456,86.62717216380035
470,10,9,0,24,0.9131944444444444,3.0573248407643314,0.48256880733944957,14.702998718102961,45.78124592096493,67.53942733654915
471,10,10,0,24,0.9131944444444444,3.050847457627119,0.48256880733944957,10.0,41.088449904097715,65.69915699177005
472,10,10,0,24,0.9131944444444444,3.044397463002114,0.48256880733944957,9.5,40.75013060052565,65.69915699177005
473,10,10,0,25,0.9359999999999999,3.1645569620253164,0.48,9.5,40.372355111023,65.69915699177005
474,10,10,0,25,0.9359999999999999,3.1578947368421053,0.48,14.5,40.57244762954935,65.69915699177005
475,10,10,0,25,0.9359999999999999,3.1512605042016806,0.48,12.40016137665856,40.652545485868465,65.69915699177005
476,10,10,0,25,0.9359999999999999,3.144654088050314,0.48,9.40016137665856,40.530375355726605,65.69915699177005
477,10,10,0,25,0.9359999999999999,3.1380753138075312,0.48,9.40016137665856,40.537244159067214,65.69915699177005
478,10,10,0,25,0.9359999999999999,3.1315240083507305,0.48,14.40016137665856,42.82426374253971,71.5465930689779
479,10,10,0,25,0.9359999999999999,3.125,0.48,14.477005738290089,41.373025548106085,65.69915699177005
480,10,10,0,25,0.9359999999999999,3.118503118503119,0.48,11.477005738290089,42.09579184749552,65.69915699177005
481,10,10,0,25,0.9359999999999999,3.112033195020747,0.48,9.5,42.1635511692945,65.69915699177005
482,10,10,0,26,0.9403846153846154,3.2298136645962736,0.47988223748773307,9.5,40.582143713183726,65.69915699177005
483,10,10,0,26,0.9403846153846154,3.2231404958677685,0.47988223748773307,9.5,41.772972946845094,65.69915699177005
484,10,10,0,27,0.9376543209876543,3.3402061855670104,0.4837579617834395,9.5,44.4960159847033,65.79898256523332
485,10,10,0,27,0.9376543209876543,3.333333333333333,0.4837579617834395,14.5,45.799509765622545,69.21439014889583
486,10,10,0,27,0.9376543209876543,3.3264887063655033,0.4837579617834395,19.5,46.9012492252888,75.24821778723792
487,10,10,0,27,0.9376543209876543,3.319672131147541,0.4837579617834395,16.539427336549153,48.29360438428283,75.39788514463913
488,10,10,0,27,0.9376543209876543,3.312883435582822,0.4837579617834395,13.539427336549153,47.40058578219971,67.93186583330059
489,10,10,0,27,0.9376543209876543,3.306122448979592,0.4837579617834395,10.539427336549153,47.70988932465635,67.7648449399619
490,10,10,0,27,0.9376543209876543,3.29938900203666,0.4837579617834395,9.0,49.59567915905926,73.64155445391465
491,10,9,0,27,0.9376543209876543,3.292682926829268,0.4837579617834395,20.618934376508577,54.581989251378886,73.50672412764936
492,10,10,0,27,0.9376543209876543,3.286004056795132,0.4837579617834395,10.0,51.79234330085806,73.46630093347491
493,10,10,0,27,0.9376543209876543,3.279352226720648,0.4837579617834395,14.618934376508577,52.510014294314885,73.33844767898361
494,10,10,0,27,0.9376543209876543,3.2727272727272725,0.4837579617834395,11.618934376508577,52.87701752295819,72.25718944139149
495,10,9,0,27,0.9376543209876543,3.2661290322580645,0.4837579617834395,25.0,58.22634616231133,72.39658122936929
496,10,10,0,27,0.9376543209876543,3.2595573440643864,0.4837579617834395,15.0,54.497329412689524,72.24539260930135
497,10,10,0,27,0.9376543209876543,3.253012048192771,0.4837579617834395,20.0,54.77324001054491,69.49011124949513
498,10,10,0,27,0.9376543209876543,3.246492985971944,0.4837579617834395,25.0,56.84884974358018,74.6889732854469
499,10,10,0,27,0.9376543209876543,3.2399999999999998,0.4837579617834395,30.0,58.61579432661482,74.81477834188244
500,10,10,0,27,0.9376543209876543,3.2335329341317367,0.4837579617834395,35.0,56.76956300607651,65.69915699177005
501,10,10,0,27,0.9376543209876543,3.2270916334661357,0.4837579617834395,40.0,57.88375314288654,74.80550552824255
502,10,10,0,27,0.9376543209876543,3.220675944333996,0.4837579617834395,37.4008612909266,59.4649818433212,74.81598944887446
503,10,10,0,27,0.9376543209876543,3.214285714285714,0.4837579617834395,34.4008612909266,59.17370864959838,74.78539745503281
504,10,10,0,27,0.9376543209876543,3.2079207920792077,0.4837579617834395,31.4008612909266,56.925969822407524,74.37762892627315
505,10,10,0,27,0.9376543209876543,3.201581027667984,0.4837579617834395,28.4008612909266,56.245542901563056,74.47492591305205
506,10,10,0,27,0.9376543209876543,3.195266272189349,0.4837579617834395,25.4008612909266,55.28823851332877,74.49971994538798
507,10,10,0,27,0.9376543209876543,3.188976377952756,0.4837579617834395,22.4008612909266,54.74952308806236,74.50313996981943
508,10,10,0,27,0.9376543209876543,3.1827111984282905,0.4837579617834395,19.4008612909266,54.56349370621679,74.96887859767253
509,10,10,0,27,0.9376543209876543,3.176470588235294,0.4837579617834395,16.4008612909266,54.134717963465846,76.92326160404025
510,10,10,0,27,0.9376543209876543,3.170254403131115,0.4837579617834395,13.4008612909266,51.867592178391,77.09190700119515
511,10,10,0,27,0.9376543209876543,3.1640625,0.4837579617834395,10.4008612909266,51.791341856054075,77.10642762692396
512,10,10,0,27,0.9376543209876543,3.1578947368421053,0.4837579617834395,9.0,52.049155803081405,77.9369570013954
513,10,10,0,27,0.9376543209876543,3.151750972762646,0.4837579617834395,9.0,54.09607554856866,86.7604816420661
514,10,10,0,27,0.9376543209876543,3.145631067961165,0.4837579617834395,14.0,50.83067033142629,75.89444091755297
515,10,10,0,27,0.9376543209876543,3.1395348837209305,0.4837579617834395,15.245392609301348,51.694643987591405,85.86141763152852
516,10,10,0,27,0.9376543209876543,3.133462282398453,0.4837579617834395,12.245392609301348,52.61798792065101,76.27044570228385
517,10,10,0,27,0.9376543209876543,3.1274131274131274,0.4837579617834395,9.5,52.54112414085008,77.70572104563144
518,10,9,0,28,0.9285714285714286,3.236994219653179,0.48552754435107376,9.5,55.38279296453171,79.03122653356506
519,10,9,0,28,0.9285714285714286,3.230769230769231,0.48552754435107376,14.5,56.583286627713136,80.63720674793532
520,10,9,0,28,0.9285714285714286,3.224568138195777,0.48552754435107376,19.5,57.56942856176917,81.92770109559196
521,10,9,0,28,0.9285714285714286,3.218390804597701,0.48552754435107376,24.5,58.40149220146059,82.66953646376611
522,10,9,0,28,0.9285714285714286,3.212237093690249,0.48552754435107376,29.5,58.79873922735395,82.91731898307116
523,10,9,0,28,0.9285714285714286,3.2061068702290076,0.48552754435107376,34.5,59.27165877525166,82.91427247060389
524,10,9,0,28,0.9285714285714286,3.2,0.48552754435107376,39.5,59.28087650187134,82.99676559608183
525,10,9,0,28,0.9285714285714286,3.1939163498098857,0.48552754435107376,36.62134667219672,59.33267361016337,83.11675317490175
526,10,9,0,28,0.9285714285714286,3.187855787476281,0.48552754435107376,33.62134667219672,59.58479384272716,83.22637577732681
527,10,9,0,28,0.9285714285714286,3.181818181818182,0.48552754435107376,30.621346672196722,57.78730009827458,83.20349863767683
528,10,9,0,28,0.9285714285714286,3.175803402646503,0.48552754435107376,27.621346672196722,56.99365211537937,83.13257366445794
529,10,9,0,28,0.9285714285714286,3.169811320754717,0.48552754435107376,24.621346672196722,56.3770794215511,83.44616520502716
530,10,9,0,28,0.9285714285714286,3.1638418079096047,0.48552754435107376,21.621346672196722,55.620586514005886,83.49370064814478
531,10,9,0,28,0.9285714285714286,3.1578947368421053,0.48552754435107376,18.621346672196722,53.9900208337407,83.68855611863893
532,10,9,0,28,0.9285714285714286,3.151969981238274,0.48552754435107376,15.621346672196722,52.70471689173121,84.74783559942699
533,10,10,0,28,0.9285714285714286,3.146067415730337,0.48552754435107376,10.0,46.883941722219994,83.88369448653195
534,10,10,0,28,0.9285714285714286,3.140186915887851,0.48552754435107376,9.621346672196722,46.25954826959234,83.7485465984515
535,10,9,0,28,0.9285714285714286,3.134328358208955,0.48552754435107376,18.383368175389663,52.01892575830854,83.7125629103035
536,10,10,0,28,0.9285714285714286,3.128491620111732,0.48552754435107376,15.0,48.25997995626875,83.58756138345876
537,10,10,0,28,0.9285714285714286,3.122676579925651,0.48552754435107376,12.383368175389663,48.03488525410984,83.42956257661584
538,10,10,0,28,0.9285714285714286,3.116883116883117,0.48552754435107376,9.383368175389663,46.52279484357795,83.29922959760441
539,10,10,0,28,0.9285714285714286,3.111111111111111,0.48552754435107376,9.383368175389663,47.7717315822921,94.1017091293574
540,10,10,0,28,0.9285714285714286,3.1053604436229207,0.48552754435107376,14.383368175389663,50.83503901001238,91.1017091293574
541,10,10,0,28,0.9285714285714286,3.0996309963099633,0.48552754435107376,15.425833669448593,49.3339784616354,88.1017091293574
542,10,10,0,28,0.9285714285714286,3.0939226519337018,0.48552754435107376,12.425833669448593,50.109399620648716,85.1017091293574
543,10,10,0,28,0.9285714285714286,3.0882352941176467,0.48552754435107376,9.425833669448593,50.12906333916376,82.1017091293574
544,10,10,0,28,0.9285714285714286,3.0825688073394497,0.48552754435107376,9.425833669448593,50.50740677407506,79.1017091293574
545,10,10,0,28,0.9285714285714286,3.0769230769230766,0.48552754435107376,14.425833669448593,50.84113448757415,76.1017091293574
546,10,10,0,28,0.9285714285714286,3.0712979890310788,0.48552754435107376,19.425833669448593,50.978997428281914,73.1017091293574
547,10,10,0,28,0.9285714285714286,3.065693430656934,0.48552754435107376,19.499807093472,53.00650987490011,70.1017091293574
548,10,10,0,28,0.9285714285714286,3.0601092896174866,0.48552754435107376,16.499807093472,52.27806701586591,68.37487363030634
549,10,10,0,28,0.9285714285714286,3.0545454545454547,0.48552754435107376,13.499807093472,49.906981539683755,65.69915699177005
550,10,10,0,28,0.9285714285714286,3.0490018148820326,0.48552754435107376,10.499807093472,47.803974289854324,65.69915699177005
551,10,9,0,28,0.9285714285714286,3.0434782608695654,0.48552754435107376,42.496303103044596,54.860252282461545,70.81705648312133
552,10,10,0,28,0.9285714285714286,3.0379746835443036,0.48552754435107376,15.0,49.971651719480136,72.73581232608034
553,10,10,0,28,0.9285714285714286,3.0324909747292415,0.48552754435107376,20.0,50.25368769185807,72.63049100119477
554,10,10,0,28,0.9285714285714286,3.0270270270270268,0.48552754435107376,25.0,49.675867258072486,72.80496053267017
555,10,10,0,28,0.9285714285714286,3.0215827338129495,0.48552754435107376,30.0,46.86897175710771,65.69915699177005
556,10,10,0,28,0.9285714285714286,3.0161579892280073,0.48552754435107376,27.496303103044596,45.60620705319507,65.69915699177005
557,10,10,0,28,0.9285714285714286,3.010752688172043,0.48552754435107376,24.496303103044596,43.98961189533483,65.69915699177005
558,10,10,0,28,0.9285714285714286,3.005366726296959,0.48552754435107376,21.496303103044596,44.205250374000826,73.21633908790994
559,10,10,0,28,0.9285714285714286,3.0,0.48552754435107376,18.496303103044596,42.598346244175474,73.31579507520048
560,10,10,0,28,0.9285714285714286,2.9946524064171123,0.48552754435107376,15.496303103044596,40.99852256896004,73.18604345609796
561,10,10,0,28,0.9285714285714286,2.9893238434163703,0.48552754435107376,12.496303103044596,38.91453600071161,73.19356765199997
562,10,10,0,28,0.9285714285714286,2.984014209591474,0.48552754435107376,9.5,34.93155973682152,65.69915699177005
563,10,10,0,29,0.925287356321839,3.085106382978723,0.47888161808447355,9.0,33.37733564158997,65.69915699177005
564,10,10,0,29,0.925287356321839,3.079646017699115,0.47888161808447355,9.0,32.48936938957478,65.69915699177005
565,10,10,0,29,0.925287356321839,3.0742049469964665,0.47888161808447355,14.0,32.005871332379584,65.69915699177005
566,10,10,0,29,0.925287356321839,3.068783068783069,0.47888161808447355,12.14696787836462,31.3812171939394,65.69915699177005
567,10,10,0,29,0.925287356321839,3.063380281690141,0.47888161808447355,9.14696787836462,30.962536059841277,65.69915699177005
568,10,9,0,29,0.925287356321839,3.0579964850615116,0.47888161808447355,9.0,33.38008314509657,65.69915699177005
569,10,9,0,29,0.925287356321839,3.052631578947368,0.47888161808447355,10.550162927341532,35.26661445462046,67.44978502339147
570,10,10,0,29,0.925287356321839,3.0472854640980738,0.47888161808447355,9.5,33.78802743170657,67.41807220848406
571,10,10,0,30,0.9094444444444445,3.1468531468531467,0.4864784546805349,9.0,35.894587800184226,65.69915699177005
572,10,10,0,30,0.9094444444444445,3.141361256544503,0.4864784546805349,9.0,37.63193779368948,65.826508663904
573,10,10,0,31,0.8983870967741936,3.240418118466899,0.4890254609306409,9.5,37.930902695657224,65.69915699177005
574,10,10,0,31,0.8983870967741936,3.234782608695652,0.4890254609306409,14.5,40.92107941161982,65.69915699177005
575,10,10,0,31,0.8983870967741936,3.229166666666667,0.4890254609306409,19.5,45.561727099184395,65.69915699177005
576,10,10,0,31,0.8983870967741936,3.2235701906412477,0.4890254609306409,24.5,48.46686149300898,65.69915699177005
577,10,10,0,31,0.8983870967741936,3.217993079584775,0.4890254609306409,29.5,50.64849424224789,65.69915699177005
578,10,10,0,31,0.8983870967741936,3.2124352331606216,0.4890254609306409,34.5,52.89110242670584,70.59908894907255
579,10,10,0,31,0.8983870967741936,3.206896551724138,0.4890254609306409,39.5,57.358316363988834,77.54148222139533
580,10,10,0,31,0.8983870967741936,3.2013769363166955,0.4890254609306409,44.5,57.267476156182155,77.39896593517446
581,10,10,0,31,0.8983870967741936,3.1958762886597936,0.4890254609306409,44.85770168938123,58.69334049518576,74.39896593517446
582,10,10,0,31,0.8983870967741936,3.190394511149228,0.4890254609306409,49.9242990033639,59.77423425468768,71.39896593517446
583,10,10,0,31,0.8983870967741936,3.1849315068493147,0.4890254609306409,52.88272811213601,62.161871903519454,79.8585882203189
584,10,10,0,31,0.8983870967741936,3.1794871794871793,0.4890254609306409,56.1426845227212,63.017198282400116,82.41567236367281
585,10,10,0,31,0.8983870967741936,3.174061433447099,0.4890254609306409,47.018983811586494,63.65420128668633,85.28156746644542
586,10,10,0,31,0.8983870967741936,3.168654173764906,0.4890254609306409,50.8331366691626,62.63331820784382,87.23714161607006
587,10,10,0,31,0.8983870967741936,3.163265306122449,0.4890254609306409,53.79152310040256,62.657089069878644,87.24432518472227
588,10,10,0,31,0.8983870967741936,3.1578947368421053,0.4890254609306409,53.39896593517446,64.55549835791501,87.06855788563867
589,10,10,0,31,0.8983870967741936,3.152542372881356,0.4890254609306409,50.39896593517446,62.22625456654905,79.06473739277115
590,10,10,0,31,0.8983870967741936,3.1472081218274113,0.4890254609306409,47.39896593517446,62.283698478691534,87.07621763837591
591,10,10,0,31,0.8983870967741936,3.1418918918918917,0.4890254609306409,44.39896593517446,61.09837777978724,86.95939152631628
592,10,10,0,31,0.8983870967741936,3.136593591905565,0.4890254609306409,41.39896593517446,60.74971960938865,87.12470037741573
593,10,10,0,31,0.8983870967741936,3.131313131313131,0.4890254609306409,38.39896593517446,58.33488869268664,69.6573688019004
594,10,10,0,31,0.8983870967741936,3.1260504201680672,0.4890254609306409,35.39896593517446,59.16757624162905,87.22604663771726
595,10,10,0,31,0.8983870967741936,3.120805369127517,0.4890254609306409,32.39896593517446,57.925136202039276,87.40696551513824
596,10,10,0,31,0.8983870967741936,3.115577889447236,0.4890254609306409,29.39896593517446,56.732372904069415,87.43718292910562
597,10,10,0,31,0.8983870967741936,3.1103678929765888,0.4890254609306409,26.39896593517446,55.90845497201008,87.26800402743088
598,10,10,0,31,0.8983870967741936,3.1051752921535893,0.4890254609306409,23.39896593517446,55.15180058532665,87.3699563319471
599,10,10,0,31,0.8983870967741936,3.1,0.4890254609306409,20.39896593517446,54.6568534274605,87.20409173678495
600,10,10,0,31,0.8983870967741936,3.094841930116473,0.4890254609306409,17.39896593517446,53.48074319642675,87.21479631279465
601,10,10,0,31,0.8983870967741936,3.089700996677741,0.4890254609306409,14.39896593517446,54.716525086588184,87.04431563452418
602,10,10,0,31,0.8983870967741936,3.084577114427861,0.4890254609306409,11.39896593517446,53.63343462511979,87.16080522580376
603,10,10,0,31,0.8983870967741936,3.0794701986754967,0.4890254609306409,9.0,52.42772854904365,87.24336352779277
604,10,10,0,31,0.8983870967741936,3.074380165289256,0.4890254609306409,9.0,51.21282439166595,87.15344241234087
605,10,10,0,31,0.8983870967741936,3.0693069306930694,0.4890254609306409,13.22298240681856,50.49365385036687,87.0334103974453
606,10,10,0,31,0.8983870967741936,3.0642504118616145,0.4890254609306409,10.22298240681856,47.59846355389144,76.93372133204667
607,10,9,0,31,0.8983870967741936,3.0592105263157894,0.4890254609306409,12.1636095255096,50.65096924952107,73.93372133204667
608,10,10,0,31,0.8983870967741936,3.0541871921182264,0.4890254609306409,9.1636095255096,48.082849476758085,79.82713751319052
609,10,10,0,31,0.8983870967741936,3.0491803278688523,0.4890254609306409,9.1636095255096,45.28463372380339,67.93372133204667
610,10,10,0,31,0.8983870967741936,3.044189852700491,0.4890254609306409,14.1636095255096,44.984633723803384,65.69915699177005
611,10,10,0,31,0.8983870967741936,3.0392156862745097,0.4890254609306409,19.1636095255096,44.68463372380339,65.69915699177005
612,10,10,0,31,0.8983870967741936,3.034257748776509,0.4890254609306409,18.95466206805756,44.380243841407214,65.69915699177005
613,10,10,0,31,0.8983870967741936,3.029315960912052,0.4890254609306409,15.954662068057559,44.06896540087703,65.69915699177005
614,10,10,0,31,0.8983870967741936,3.024390243902439,0.4890254609306409,12.954662068057559,43.54405220216411,65.69915699177005
615,10,9,0,31,0.8983870967741936,3.0194805194805197,0.4890254609306409,33.0847137467361,46.4162799275701,65.69915699177005
616,10,10,0,31,0.8983870967741936,3.0145867098865478,0.4890254609306409,10.0,40.110894744900506,65.69915699177005
617,10,10,0,31,0.8983870967741936,3.0097087378640777,0.4890254609306409,15.0,40.22136624038327,65.69915699177005
618,10,10,0,31,0.8983870967741936,3.004846526655897,0.4890254609306409,20.0,40.21104714308777,65.69915699177005
619,10,10,0,31,0.8983870967741936,3.0,0.4890254609306409,21.0847137467361,39.67280891631651,65.69915699177005
620,10,10,0,31,0.8983870967741936,2.995169082125604,0.4890254609306409,18.0847137467361,39.08023122428407,65.69915699177005
621,10,10,0,31,0.8983870967741936,2.990353697749196,0.4890254609306409,15.0847137467361,38.68009574354068,65.69915699177005
622,10,10,0,31,0.8983870967741936,2.985553772070626,0.4890254609306409,12.0847137467361,37.55839145239492,65.69915699177005
623,10,10,0,31,0.8983870967741936,2.9807692307692304,0.4890254609306409,9.0847137467361,36.80015405127311,65.69915699177005
624,10,10,0,31,0.8983870967741936,2.976,0.4890254609306409,9.0847137467361,36.79084451060233,65.69915699177005
625,10,10,0,31,0.8983870967741936,2.971246006389776,0.4890254609306409,9.5,36.64345562573358,65.69915699177005
626,10,9,0,32,0.9026041666666667,3.062200956937799,0.48597868760515983,9.5,39.80434744848252,68.40604965911183
627,10,10,0,33,0.903030303030303,3.1528662420382165,0.476672887230072,10.0,37.71462064168882,69.38236963298995
628,10,10,0,33,0.903030303030303,3.14785373608903,0.476672887230072,10.933721332046673,39.492764542235776,70.38557606741924
629,10,10,0,33,0.903030303030303,3.142857142857143,0.476672887230072,9.0,42.31785255548489,82.51439485520596
630,10,10,0,33,0.903030303030303,3.1378763866877972,0.476672887230072,9.0,44.45880768557199,83.3759965839315
631,10,10,0,33,0.903030303030303,3.132911392405063,0.476672887230072,14.0,45.58850652353602,72.55934956273228
632,10,10,0,33,0.903030303030303,3.1279620853080567,0.476672887230072,19.0,48.02417884460992,72.64701622119865
633,10,10,0,33,0.903030303030303,3.1230283911671926,0.476672887230072,24.0,50.80890238841577,72.71536949378164
634,10,10,0,33,0.903030303030303,3.1181102362204722,0.476672887230072,29.0,56.53512913186612,72.75548888867192
635,10,10,0,33,0.903030303030303,3.1132075471698113,0.476672887230072,34.0,56.24342038587589,73.83987605327562
636,10,10,0,33,0.903030303030303,3.108320251177394,0.476672887230072,39.0,60.02687274931294,84.02133268815145
637,10,10,0,33,0.903030303030303,3.103448275862069,0.476672887230072,44.0,63.398019187024964,84.10507471401927
638,10,10,0,33,0.903030303030303,3.098591549295775,0.476672887230072,49.15569972495089,61.223856270201715,75.16690949440726
639,10,10,0,33,0.903030303030303,3.09375,0.476672887230072,54.28797541632659,62.00571887671829,76.25437052312164
640,10,10,0,33,0.903030303030303,3.088923556942278,0.476672887230072,45.34145469331732,62.31579691990165,77.01314810930975
641,10,10,0,33,0.903030303030303,3.0841121495327104,0.476672887230072,36.50678165067442,60.50576148503012,75.33348527283864
642,10,10,0,33,0.903030303030303,3.079315707620529,0.476672887230072,41.50678165067441,55.77704233699619,66.49293960165274
643,10,10,0,33,0.903030303030303,3.0745341614906834,0.476672887230072,44.62344766326598,62.10856141095708,77.41017053503052
644,10,10,0,33,0.903030303030303,3.0697674418604652,0.476672887230072,41.62344766326598,59.565058253366395,77.55276525664856
645,10,10,0,33,0.903030303030303,3.065015479876161,0.476672887230072,38.62344766326598,59.9952827325197,77.40896908745448
646,10,10,0,33,0.903030303030303,3.060278207109737,0.476672887230072,35.62344766326598,59.55743177197384,77.45620732557829
647,10,10,0,33,0.903030303030303,3.0555555555555554,0.476672887230072,32.62344766326598,59.3570557501374,77.28687376921773
648,10,10,0,33,0.903030303030303,3.050847457627119,0.476672887230072,29.623447663265978,58.771982233809,77.18510363996572
649,10,10,0,33,0.903030303030303,3.046153846153846,0.476672887230072,26.623447663265978,58.64435405858477,77.33985574517382
650,10,10,0,33,0.903030303030303,3.0414746543778803,0.476672887230072,23.623447663265978,58.13032351305876,77.36925065760036
651,10,10,0,33,0.903030303030303,3.03680981595092,0.476672887230072,20.623447663265978,55.10511984063356,72.79023798976114
652,10,10,0,33,0.903030303030303,3.0321592649310873,0.476672887230072,17.623447663265978,53.88806442889383,72.69627519870458
653,10,10,0,33,0.903030303030303,3.0275229357798166,0.476672887230072,14.623447663265978,54.78924887550674,77.17816662105226
654,10,10,0,33,0.903030303030303,3.0229007633587788,0.476672887230072,11.623447663265978,53.604824248466365,77.1058135953311
655,10,10,0,33,0.903030303030303,3.0182926829268295,0.476672887230072,9.5,51.92251924316544,77.10454176250605
656,10,10,0,34,0.8995098039215687,3.105022831050228,0.47281628446276736,9.5,50.43855649419382,77.17609796252725
657,10,10,0,34,0.8995098039215687,3.1003039513677813,0.47281628446276736,9.5,51.03667537162528,87.56288614017524
658,10,10,0,35,0.89,3.1866464339908953,0.47898513582778063,9.5,50.3235898915719,87.63082895891108
659,10,10,0,35,0.89,3.181818181818182,0.47898513582778063,14.5,49.51136971910589,87.50862723425107
660,10,10,0,35,0.89,3.177004538577912,0.47898513582778063,19.5,48.694996719936455,87.34489724255668
661,10,10,0,35,0.89,3.1722054380664653,0.47898513582778063,18.86878857075699,47.912898907625944,87.52391911945155
662,10,10,0,35,0.89,3.167420814479638,0.47898513582778063,15.86878857075699,46.81289890762594,84.52391911945155
663,10,10,0,35,0.89,3.162650602409639,0.47898513582778063,12.86878857075699,45.71289890762594,81.52391911945155
664,10,9,0,35,0.89,3.1578947368421053,0.47898513582778063,25.007331764789797,48.471374973532555,78.52391911945155
665,10,10,0,35,0.89,3.1531531531531534,0.47898513582778063,15.0,44.3436760110039,75.52391911945155
666,10,10,0,35,0.89,3.1484257871064467,0.47898513582778063,19.007331764789797,43.60102947460552,72.52391911945155
667,10,10,0,35,0.89,3.143712574850299,0.47898513582778063,16.007331764789797,42.72517786810724,69.52391911945155
668,10,10,0,35,0.89,3.1390134529147984,0.47898513582778063,13.007331764789797,41.711725689648794,66.52391911945155
669,10,10,0,35,0.89,3.134328358208955,0.47898513582778063,10.007331764789797,40.22678153125247,65.69915699177005
670,10,9,0,35,0.89,3.1296572280178836,0.47898513582778063,10.026843928274673,44.59227714603237,74.25734004336013
671,10,9,0,36,0.8842592592592593,3.214285714285714,0.47941767068273095,10.026843928274673,41.07287506322541,65.69915699177005
672,10,9,0,36,0.8842592592592593,3.2095096582466565,0.47941767068273095,15.026843928274673,41.421673071271,65.69915699177005
673,10,9,0,36,0.8842592592592593,3.2047477744807122,0.47941767068273095,15.639911877950112,41.63858817706083,65.69915699177005
674,10,9,0,36,0.8842592592592593,3.2,0.47941767068273095,12.639911877950112,41.1552617259099,65.69915699177005
675,10,9,0,36,0.8842592592592593,3.195266272189349,0.47941767068273095,9.639911877950112,42.926791062428904,76.69998053530705
676,10,9,0,36,0.8842592592592593,3.1905465288035453,0.47941767068273095,9.639911877950112,42.73994749165297,76.74997603023185
677,10,9,0,36,0.8842592592592593,3.185840707964602,0.47941767068273095,9.5,42.985923872036636,76.88292106289971
678,10,9,0,37,0.8936936936936937,3.2695139911634756,0.46858762399622106,9.5,43.56998642846227,77.04249639709676
679,10,9,0,37,0.8936936936936937,3.264705882352941,0.46858762399622106,14.107244224471486,44.59561851323704,75.98591891152577
680,10,9,0,37,0.8936936936936937,3.2599118942731278,0.46858762399622106,11.107244224471486,45.47764954001014,75.9602777412629
681,10,9,0,37,0.8936936936936937,3.2551319648093844,0.46858762399622106,9.0,46.78430752734877,75.80702075365608
682,10,9,0,37,0.8936936936936937,3.2503660322108345,0.46858762399622106,9.0,45.461674110064436,71.0271340395914
683,10,9,0,37,0.8936936936936937,3.245614035087719,0.46858762399622106,14.0,46.601518044706864,70.96189492940567
684,10,9,0,37,0.8936936936936937,3.240875912408759,0.46858762399622106,18.52391911945155,45.31858047883824,71.13511968293702
685,10,9,0,37,0.8936936936936937,3.2361516034985423,0.46858762399622106,15.523919119451548,47.140445009942745,71.04299224467307
686,10,9,0,37,0.8936936936936937,3.2314410480349345,0.46858762399622106,12.523919119451548,51.30838125416455,78.20961515376146
687,10,9,0,37,0.8936936936936937,3.2267441860465116,0.46858762399622106,9.523919119451548,50.28932311339079,68.21574304849058
688,10,9,0,37,0.8936936936936937,3.2220609579100143,0.46858762399622106,9.523919119451548,54.051425643110214,84.61279675578486
689,10,9,0,37,0.8936936936936937,3.217391304347826,0.46858762399622106,14.523919119451548,55.36934528110381,83.72618931234516
690,10,9,0,37,0.8936936936936937,3.2127351664254706,0.46858762399622106,19.52391911945155,56.15108433988387,85.65922571661487
691,10,9,0,37,0.8936936936936937,3.208092485549133,0.46858762399622106,24.52391911945155,57.24743789027197,85.56516152477948
692,10,9,0,37,0.8936936936936937,3.2034632034632033,0.46858762399622106,29.52391911945155,57.83517271664409,85.66378056238126
693,10,9,0,37,0.8936936936936937,3.1988472622478383,0.46858762399622106,34.52391911945155,57.774004449443886,85.64368248709586
694,10,9,0,37,0.8936936936936937,3.1942446043165464,0.46858762399622106,39.52391911945155,58.084795439121926,85.83318708717721
695,10,9,0,37,0.8936936936936937,3.189655172413793,0.46858762399622106,37.128703837497696,53.624683014234826,65.69915699177005
696,10,10,0,37,0.8936936936936937,3.1850789096126255,0.46858762399622106,10.0,54.42690663526122,85.92215927240888
697,10,10,0,37,0.8936936936936937,3.180515759312321,0.46858762399622106,15.0,54.48693994003029,85.99015005576643
698,10,10,0,37,0.8936936936936937,3.1759656652360517,0.46858762399622106,20.0,55.807210156135014,85.92210309412162
699,10,10,0,37,0.8936936936936937,3.1714285714285717,0.46858762399622106,25.0,58.49292744627685,85.85770006054138
700,10,10,0,37,0.8936936936936937,3.166904422253923,0.46858762399622106,29.21574304849058,56.31364289544948,85.66067418945242
701,10,10,0,37,0.8936936936936937,3.1623931623931627,0.46858762399622106,26.21574304849058,54.329045081645674,76.05803595778191
702,10,10,0,37,0.8936936936936937,3.1578947368421053,0.46858762399622106,23.21574304849058,54.72214478031081,73.01360842384388
703,10,10,0,37,0.8936936936936937,3.153409090909091,0.46858762399622106,20.21574304849058,56.47217573666809,73.06693601242837
704,10,10,0,37,0.8936936936936937,3.148936170212766,0.46858762399622106,17.21574304849058,53.633337935312476,66.11630430325914
705,10,10,0,37,0.8936936936936937,3.144475920679887,0.46858762399622106,14.21574304849058,56.65541188817942,85.85901291708478
706,10,10,0,37,0.8936936936936937,3.14002828854314,0.46858762399622106,11.21574304849058,54.463384287196824,66.13718810170312
707,10,10,0,37,0.8936936936936937,3.1355932203389827,0.46858762399622106,9.0,54.580783293474084,66.51061312537422
708,10,9,0,37,0.8936936936936937,3.1311706629055007,0.46858762399622106,31.974629700907045,59.790852703044976,67.64208439494969
709,10,10,0,37,0.8936936936936937,3.1267605633802815,0.46858762399622106,10.0,54.21713093508997,71.0441695190235
710,10,10,0,37,0.8936936936936937,3.1223628691983123,0.46858762399622106,15.0,54.19357575581457,71.0648328148898
711,10,10,0,37,0.8936936936936937,3.1179775280898876,0.46858762399622106,20.0,55.99382003940409,85.99752634710798
712,10,10,0,37,0.8936936936936937,3.113604488078541,0.46858762399622106,19.974629700907045,53.995229699052494,86.13376114969054
713,10,10,0,37,0.8936936936936937,3.1092436974789917,0.46858762399622106,16.974629700907045,56.43241869861767,85.9672054127405
714,10,10,0,37,0.8936936936936937,3.104895104895105,0.46858762399622106,13.974629700907045,54.22473779695764,85.92687513585308
715,10,10,0,37,0.8936936936936937,3.100558659217877,0.46858762399622106,10.974629700907045,54.38713632881429,85.83908454618548
716,10,9,0,37,0.8936936936936937,3.0962343096234313,0.46858762399622106,42.235654994856105,63.814216545911094,86.80414226745728
717,10,9,0,37,0.8936936936936937,3.0919220055710306,0.46858762399622106,39.235654994856105,58.98927081481557,86.16155009387721
718,10,9,0,37,0.8936936936936937,3.0876216968011128,0.46858762399622106,36.235654994856105,58.92648676153422,86.10022517810276
719,10,9,0,37,0.8936936936936937,3.083333333333333,0.46858762399622106,33.235654994856105,57.83428324649833,85.978306192284
720,10,9,0,37,0.8936936936936937,3.0790568654646324,0.46858762399622106,30.235654994856105,56.611619915713426,85.9594559846164
721,10,9,0,37,0.8936936936936937,3.0747922437673134,0.46858762399622106,27.235654994856105,53.58702631653291,68.67799228544719
722,10,9,0,37,0.8936936936936937,3.0705394190871367,0.46858762399622106,24.235654994856105,55.19227904383257,86.12333466724168
723,10,9,0,37,0.8936936936936937,3.0662983425414367,0.46858762399622106,21.235654994856105,54.027496350654694,86.12829874476759
724,10,9,0,37,0.8936936936936937,3.0620689655172417,0.46858762399622106,18.235654994856105,53.16045201797337,86.15470248707476
725,10,9,0,37,0.8936936936936937,3.0578512396694215,0.46858762399622106,15.235654994856105,52.1316856565238,86.30965025186507
726,10,9,0,37,0.8936936936936937,3.0536451169188448,0.46858762399622106,12.235654994856105,51.35565777273381,86.30839912328214
727,10,8,0,37,0.8936936936936937,3.0494505494505493,0.46858762399622106,22.84271659486454,55.32862948883367,86.49948389656032
728,10,9,0,37,0.8936936936936937,3.0452674897119345,0.46858762399622106,10.0,50.82676458832798,86.48370679356273
729,10,9,0,37,0.8936936936936937,3.041095890410959,0.46858762399622106,15.0,51.05840599518681,86.5682295705736
730,10,9,0,37,0.8936936936936937,3.036935704514364,0.46858762399622106,13.842716594864541,50.322250110203605,86.3703931094572
731,10,9,0,37,0.8936936936936937,3.0327868852459017,0.46858762399622106,10.842716594864541,49.657348358373184,86.26695940796081
732,10,9,0,37,0.8936936936936937,3.028649386084584,0.46858762399622106,9.5,50.337379930052414,86.42270083325064
733,10,9,0,38,0.8951754385964912,3.106267029972752,0.4664076782449726,9.5,50.20671512152616,86.37596682314894
734,10,9,0,38,0.8951754385964912,3.1020408163265305,0.4664076782449726,9.5,48.4197199281164,86.27614090764037
735,10,9,0,39,0.8923076923076924,3.1793478260869565,0.46555183946488293,9.5,47.39146959289431,67.39823277973599
736,10,9,0,39,0.8923076923076924,3.175033921302578,0.46555183946488293,14.5,48.26550622127158,65.69915699177005
737,10,9,0,39,0.8923076923076924,3.1707317073170733,0.46555183946488293,19.5,49.31191996038385,65.69915699177005
738,10,9,0,39,0.8923076923076924,3.1664411366711773,0.46555183946488293,24.5,49.633803046503125,65.69915699177005
739,10,9,0,39,0.8923076923076924,3.1621621621621623,0.46555183946488293,26.766348085218326,49.873324641164764,65.69915699177005
740,10,9,0,39,0.8923076923076924,3.1578947368421053,0.46555183946488293,23.766348085218326,50.545172629947146,65.69915699177005
741,10,9,0,39,0.8923076923076924,3.1536388140161726,0.46555183946488293,20.766348085218326,50.800499874060726,65.69915699177005
742,10,9,0,39,0.8923076923076924,3.149394347240915,0.46555183946488293,17.766348085218326,50.660385246596455,65.69915699177005
743,10,9,0,39,0.8923076923076924,3.145161290322581,0.46555183946488293,14.766348085218326,50.56951378292401,65.69915699177005
744,10,10,0,39,0.8923076923076924,3.1409395973154366,0.46555183946488293,11.766348085218326,46.71916578912148,65.69915699177005
745,10,10,0,39,0.8923076923076924,3.136729222520107,0.46555183946488293,9.5,46.720276916633324,65.69915699177005
746,10,10,0,40,0.8966666666666666,3.21285140562249,0.4568032264911908,9.5,47.004550768040566,65.69915699177005
747,10,10,0,40,0.8966666666666666,3.2085561497326203,0.4568032264911908,14.5,47.72266345120319,65.69915699177005
748,10,10,0,40,0.8966666666666666,3.204272363150868,0.4568032264911908,19.5,48.27926769766708,65.69915699177005
749,10,10,0,40,0.8966666666666666,3.2,0.4568032264911908,24.5,48.925117626992446,65.69915699177005
750,10,10,0,40,0.8966666666666666,3.195739014647137,0.4568032264911908,22.39823277973599,49.90878908539663,67.359837761773
751,10,10,0,40,0.8966666666666666,3.1914893617021276,0.4568032264911908,19.39823277973599,50.35773212445389,68.34692990872698
752,10,10,0,40,0.8966666666666666,3.1872509960159365,0.4568032264911908,16.39823277973599,51.20445991872221,70.01116013768875
753,10,10,0,40,0.8966666666666666,3.1830238726790454,0.4568032264911908,13.398232779735991,51.62618737896811,72.47993055605103
754,10,10,0,40,0.8966666666666666,3.1788079470198674,0.4568032264911908,10.398232779735991,51.70275595418968,73.77620277257896
755,10,9,0,40,0.8966666666666666,3.1746031746031744,0.4568032264911908,16.653910450623357,59.18977678100103,90.94971422729905
756,10,10,0,40,0.8966666666666666,3.170409511228534,0.4568032264911908,13.653910450623357,57.49704154943155,92.073465336123
757,10,10,0,40,0.8966666666666666,3.16622691292876,0.4568032264911908,10.653910450623357,54.46622289517957,84.09387038224811
758,10,10,0,40,0.8966666666666666,3.1620553359683794,0.4568032264911908,9.0,54.764277007040576,83.26118161460539
759,10,10,0,40,0.8966666666666666,3.1578947368421053,0.4568032264911908,9.0,53.72474225279359,80.1202821570091
760,10,10,0,40,0.8966666666666666,3.1537450722733245,0.4568032264911908,14.0,54.98640271874525,80.1762418136907
761,10,10,0,40,0.8966666666666666,3.149606299212598,0.4568032264911908,19.0,56.42714421919868,80.12284723396161
762,10,10,0,40,0.8966666666666666,3.145478374836173,0.4568032264911908,24.0,59.503937115612544,80.03091321327699
763,10,10,0,40,0.8966666666666666,3.141361256544503,0.4568032264911908,29.0,59.76358460414135,80.18961045657878
764,10,10,0,40,0.8966666666666666,3.1372549019607843,0.4568032264911908,34.0,60.13580508875911,80.20404983156102
765,10,10,0,40,0.8966666666666666,3.1331592689295036,0.4568032264911908,39.0,60.45407296811413,80.27479902388158
766,10,10,0,40,0.8966666666666666,3.129074315514994,0.4568032264911908,44.0,60.329841491931994,79.09293733404186
767,10,10,0,40,0.8966666666666666,3.125,0.4568032264911908,46.11865723155907,60.85972593358035,79.21282618805351
768,10,10,0,40,0.8966666666666666,3.120936280884265,0.4568032264911908,43.11865723155907,61.28400613214012,79.2013541705593
769,10,10,0,40,0.8966666666666666,3.116883116883117,0.4568032264911908,40.11865723155907,63.14925439602464,79.39272760782089
770,10,10,0,40,0.8966666666666666,3.11284046692607,0.4568032264911908,37.11865723155907,62.86294291125404,79.53356148080658
771,10,10,0,40,0.8966666666666666,3.1088082901554404,0.4568032264911908,34.11865723155907,59.88225197441606,79.6931800398471
772,10,10,0,40,0.8966666666666666,3.1047865459249677,0.4568032264911908,31.11865723155907,61.53713253872712,79.66855517967684
773,10,10,0,40,0.8966666666666666,3.1007751937984493,0.4568032264911908,28.11865723155907,57.53701602916099,80.58881118436817
774,10,10,0,40,0.8966666666666666,3.096774193548387,0.4568032264911908,25.11865723155907,57.97464583467335,80.70560965593157
775,10,10,0,40,0.8966666666666666,3.092783505154639,0.4568032264911908,22.11865723155907,59.39956349019445,93.84929202968843
776,10,10,0,40,0.8966666666666666,3.0888030888030884,0.4568032264911908,19.11865723155907,58.670069033632366,93.87823358454527
777,10,10,0,40,0.8966666666666666,3.084832904884319,0.4568032264911908,16.11865723155907,56.58177468985171,81.68447676483723
778,10,10,0,40,0.8966666666666666,3.080872913992298,0.4568032264911908,13.11865723155907,55.67638640657685,81.59995264735964
779,10,10,0,40,0.8966666666666666,3.0769230769230766,0.4568032264911908,10.11865723155907,57.12892472759667,81.6986916617897
780,10,9,0,40,0.8966666666666666,3.0729833546734953,0.4568032264911908,37.916853884500355,61.62575297051928,81.7109705721953
781,10,10,0,40,0.8966666666666666,3.0690537084398977,0.4568032264911908,15.0,53.918127479759086,81.62190245979819
782,10,10,0,40,0.8966666666666666,3.0651340996168583,0.4568032264911908,20.0,55.84844134684304,81.52772487160703
783,10,10,0,40,0.8966666666666666,3.0612244897959187,0.4568032264911908,25.0,53.50818532712437,81.59568832305577
784,10,10,0,40,0.8966666666666666,3.0573248407643314,0.4568032264911908,25.916853884500355,53.0806911015242,81.72113630877851
785,10,10,0,40,0.8966666666666666,3.0534351145038165,0.4568032264911908,22.916853884500355,54.84199150361636,81.87379158811125
786,10,10,0,40,0.8966666666666666,3.0495552731893265,0.4568032264911908,19.916853884500355,54.486897680018934,81.82156384891
787,10,10,0,40,0.8966666666666666,3.045685279187817,0.4568032264911908,16.916853884500355,53.383657283792175,93.65299118074978
788,10,10,0,40,0.8966666666666666,3.041825095057034,0.4568032264911908,13.916853884500355,52.949951971140536,93.48978987696626
789,10,10,0,40,0.8966666666666666,3.0379746835443036,0.4568032264911908,10.916853884500355,51.02754453177807,78.39745384215179
790,10,10,0,40,0.8966666666666666,3.034134007585335,0.4568032264911908,9.0,51.49975991498957,78.57008979918427
791,10,9,0,40,0.8966666666666666,3.0303030303030303,0.4568032264911908,9.0,55.74930434196526,78.57969509382089
792,10,10,0,40,0.8966666666666666,3.0264817150063053,0.4568032264911908,10.0,50.74838027717662,78.39038920630566
793,10,10,0,40,0.8966666666666666,3.022670025188917,0.4568032264911908,15.0,48.939382978313105,78.47012741636024
794,10,10,0,40,0.8966666666666666,3.018867924528302,0.4568032264911908,20.0,49.3017764444041,78.31662247968663
795,10,10,0,40,0.8966666666666666,3.0150753768844223,0.4568032264911908,25.0,49.886282994047036,79.21304368907265
796,10,10,0,40,0.8966666666666666,3.01129234629862,0.4568032264911908,29.24713134581542,51.5572998698291,93.04064713313728
797,10,10,0,40,0.8966666666666666,3.007518796992481,0.4568032264911908,26.24713134581542,52.15249680939214,93.04330268565761
798,10,10,0,40,0.8966666666666666,3.0037546933667083,0.4568032264911908,23.24713134581542,54.473382738170564,92.18368405674327
799,10,10,0,40,0.8966666666666666,3.0,0.4568032264911908,20.24713134581542,57.46008932151483,92.02423866822222
800,10,10,0,40,0.8966666666666666,2.99625468164794,0.4568032264911908,17.24713134581542,55.77499252514203,92.13559536340088
801,10,10,0,40,0.8966666666666666,2.9925187032418954,0.4568032264911908,14.247131345815419,56.227752189335135,92.21714271449162
802,10,10,0,40,0.8966666666666666,2.9887920298879203,0.4568032264911908,11.247131345815419,57.56211298884979,92.16559481454401
803,10,10,0,40,0.8966666666666666,2.985074626865672,0.4568032264911908,9.0,57.187037064209655,92.07643174727167
804,10,10,0,40,0.8966666666666666,2.981366459627329,0.4568032264911908,9.0,59.188901698541734,92.01981550998407
805,10,10,0,40,0.8966666666666666,2.977667493796526,0.4568032264911908,12.775959758821202,58.96248206847902,92.004840699894
806,10,9,0,40,0.8966666666666666,2.9739776951672865,0.4568032264911908,19.0,64.67278456753881,91.09775887810876
807,10,10,0,40,0.8966666666666666,2.9702970297029703,0.4568032264911908,10.0,59.76438305651391,91.18621874604742
808,10,10,0,40,0.8966666666666666,2.9666254635352285,0.4568032264911908,15.0,58.996042660788405,90.98706964026557
809,10,10,0,40,0.8966666666666666,2.962962962962963,0.4568032264911908,20.0,61.603552682944894,91.00893931615529
810,10,10,0,40,0.8966666666666666,2.9593094944512948,0.4568032264911908,25.0,60.81908058668764,85.13080814459695
811,10,10,0,40,0.8966666666666666,2.955665024630542,0.4568032264911908,30.0,58.08222713549295,79.90118424929254
812,10,10,0,40,0.8966666666666666,2.952029520295203,0.4568032264911908,35.0,60.74944534883135,80.09835529011096
813,10,10,0,40,0.8966666666666666,2.9484029484029484,0.4568032264911908,40.0,61.546554853293095,80.19210476409486
814,10,10,0,40,0.8966666666666666,2.9447852760736195,0.4568032264911908,44.98818904472036,60.04562892095466,80.12863613642698
815,10,10,0,40,0.8966666666666666,2.941176470588235,0.4568032264911908,49.86212129858643,62.60071653916899,82.06184463092444
816,10,10,0,40,0.8966666666666666,2.937576499388005,0.4568032264911908,48.9807021992746,62.82251925193733,83.59428837322531
817,10,10,0,40,0.8966666666666666,2.93398533007335,0.4568032264911908,45.9807021992746,62.1796818228792,84.49299535640407
818,10,10,0,40,0.8966666666666666,2.93040293040293,0.4568032264911908,42.9807021992746,61.69776195195875,85.38915559092334
819,10,10,0,40,0.8966666666666666,2.926829268292683,0.4568032264911908,39.9807021992746,61.53907379786633,86.06434605197113
820,10,10,0,40,0.8966666666666666,2.92326431181486,0.4568032264911908,36.9807021992746,60.530580794409126,86.40344792913189
821,10,10,0,40,0.8966666666666666,2.9197080291970803,0.4568032264911908,33.9807021992746,59.72106884711447,86.46660464154206
822,10,10,0,40,0.8966666666666666,2.9161603888213854,0.4568032264911908,30.980702199274603,58.94595368395019,86.51996825632477
823,10,10,0,40,0.8966666666666666,2.912621359223301,0.4568032264911908,27.980702199274603,57.70241631547263,86.79836998473856
824,10,10,0,40,0.8966666666666666,2.909090909090909,0.4568032264911908,24.980702199274603,57.1487932449002,86.81108246463513
825,10,10,0,40,0.8966666666666666,2.9055690072639226,0.4568032264911908,21.980702199274603,55.985114857782925,87.02184204321439
826,10,10,0,40,0.8966666666666666,2.902055622732769,0.4568032264911908,18.980702199274603,54.67933342239398,86.85899681561173
827,10,10,0,40,0.8966666666666666,2.898550724637681,0.4568032264911908,15.980702199274603,53.687343337327796,87.00034081101354
828,10,10,0,40,0.8966666666666666,2.8950542822677923,0.4568032264911908,12.980702199274603,53.1613502810424,86.87152487575561
829,10,10,0,40,0.8966666666666666,2.891566265060241,0.4568032264911908,9.980702199274603,52.27871853932008,86.70909231005312
830,10,10,0,41,0.890650406504065,2.9602888086642603,0.45981112277019937,9.980702199274603,51.37574829125403,86.58244859046637
831,10,10,0,41,0.890650406504065,2.956730769230769,0.45981112277019937,13.056882452401084,50.700329521358086,86.46638774109428
832,10,10,0,41,0.890650406504065,2.9531812725090036,0.45981112277019937,10.056882452401084,50.395763179504264,86.49111128587798
833,10,10,0,41,0.890650406504065,2.949640287769784,0.45981112277019937,9.0,50.000773312999634,86.66542830180767
834,10,10,0,41,0.890650406504065,2.946107784431138,0.45981112277019937,9.0,49.60087098975942,86.70421804142994
835,10,10,0,41,0.890650406504065,2.9425837320574164,0.45981112277019937,14.0,49.87796380686581,86.66197865558209
836,10,10,0,41,0.890650406504065,2.939068100358423,0.45981112277019937,17.98106087703431,49.8150207196455,86.84771735445533
837,10,10,0,41,0.890650406504065,2.9355608591885445,0.45981112277019937,14.98106087703431,49.70978795539553,86.97082283287686
838,10,10,0,41,0.890650406504065,2.932061978545888,0.45981112277019937,11.98106087703431,49.650008373313234,87.16795177305276
839,10,10,0,41,0.890650406504065,2.9285714285714284,0.45981112277019937,9.0,49.579979299302366,87.13906627852027
840,10,10,0,41,0.890650406504065,2.925089179548157,0.45981112277019937,9.0,49.19940141710148,87.08233618925004
841,10,10,0,41,0.890650406504065,2.9216152019002375,0.45981112277019937,14.0,49.180856263812444,86.9773860639637
842,10,10,0,41,0.890650406504065,2.918149466192171,0.45981112277019937,19.0,49.24674151869506,87.09884343107787
843,10,10,0,41,0.890650406504065,2.9146919431279623,0.45981112277019937,17.22826438477925,48.93800905139592,86.95654451215928
844,10,10,0,41,0.890650406504065,2.911242603550296,0.45981112277019937,14.228264384779251,50.68513384507246,87.13045027702212
845,10,10,0,41,0.890650406504065,2.9078014184397163,0.45981112277019937,11.228264384779251,47.668546763951376,87.26808258124593
846,10,10,0,41,0.890650406504065,2.9043683589138136,0.45981112277019937,9.0,47.64499148555498,87.2441134617753
847,10,10,0,41,0.890650406504065,2.900943396226415,0.45981112277019937,9.0,48.075811726272335,87.17785644208905
848,10,10,0,41,0.890650406504065,2.8975265017667846,0.45981112277019937,14.0,48.91695545017722,87.36327216534751
849,10,10,0,41,0.890650406504065,2.8941176470588235,0.45981112277019937,16.555535103589506,49.749796321043476,87.41503148204609
850,10,10,0,41,0.890650406504065,2.890716803760282,0.45981112277019937,13.555535103589506,50.09541617822864,87.60453006055167
851,10,10,0,41,0.890650406504065,2.887323943661972,0.45981112277019937,10.555535103589506,50.30072105414739,87.46294993147222
852,10,10,0,41,0.890650406504065,2.883939038686987,0.45981112277019937,9.0,52.951866985087065,87.55026980131697
853,10,10,0,42,0.888888888888889,2.9508196721311473,0.4612850082372323,9.0,53.75075191138726,87.50728152283868
854,10,10,0,42,0.888888888888889,2.9473684210526314,0.4612850082372323,14.0,55.24212192301218,87.33016076554414
855,10,10,0,42,0.888888888888889,2.9439252336448596,0.4612850082372323,19.0,57.117243387695204,87.16543478417465
856,10,10,0,42,0.888888888888889,2.94049008168028,0.4612850082372323,24.0,58.543262060168274,87.03207859061256
857,10,10,0,42,0.888888888888889,2.937062937062937,0.4612850082372323,29.0,57.113679744276816,87.02633276005402
858,10,10,0,42,0.888888888888889,2.9336437718277066,0.4612850082372323,34.0,58.28479817762472,86.864510636187
859,10,10,0,42,0.888888888888889,2.9302325581395348,0.4612850082372323,39.0,59.64108481748658,86.71942870803498
860,10,10,0,42,0.888888888888889,2.926829268292683,0.4612850082372323,44.0,60.56943468782943,86.82033254281747
861,10,10,0,42,0.888888888888889,2.9234338747099766,0.4612850082372323,49.01201802708209,62.13974122027613,86.95580790085883
862,10,10,0,42,0.888888888888889,2.9200463499420626,0.4612850082372323,53.89605081654851,63.02323602852014,87.01679763137523
863,10,10,0,42,0.888888888888889,2.9166666666666665,0.4612850082372323,38.01008274757284,62.89491480458531,86.93735081913637
864,10,10,0,42,0.888888888888889,2.913294797687861,0.4612850082372323,43.01008274757284,63.557857621036604,86.87773100984683
865,10,10,0,42,0.888888888888889,2.909930715935335,0.4612850082372323,48.09188029862554,63.4410969816761,86.86511645764789
866,10,10,0,42,0.888888888888889,2.906574394463668,0.4612850082372323,52.91743994795878,63.20975901391537,86.73034863757356
867,10,10,0,42,0.888888888888889,2.903225806451613,0.4612850082372323,49.93881862942878,63.67977511107516,86.54603844779095
868,10,10,0,42,0.888888888888889,2.8998849252013805,0.4612850082372323,46.93881862942878,64.41103854051269,86.65417828128147
869,10,10,0,42,0.888888888888889,2.896551724137931,0.4612850082372323,43.93881862942878,63.69049189403997,86.7731564422446
870,10,10,0,42,0.888888888888889,2.8932261768082665,0.4612850082372323,40.93881862942878,61.02803361007178,74.98574307469337
871,10,10,0,42,0.888888888888889,2.889908256880734,0.4612850082372323,37.93881862942878,59.930236573210536,75.80239985785863
872,10,10,0,42,0.888888888888889,2.88659793814433,0.4612850082372323,34.93881862942878,59.017074083961845,75.83023509055356
873,10,10,0,42,0.888888888888889,2.883295194508009,0.4612850082372323,31.93881862942878,58.90483943738851,75.68358309703503
874,10,10,0,42,0.888888888888889,2.88,0.4612850082372323,28.93881862942878,60.81582712632549,76.59627665742508
875,10,10,0,42,0.888888888888889,2.8767123287671232,0.4612850082372323,25.93881862942878,60.24161211053799,76.43152647991312
876,10,10,0,42,0.888888888888889,2.8734321550741164,0.4612850082372323,22.93881862942878,61.05818840347846,88.79968653808882
877,10,10,0,42,0.888888888888889,2.8701594533029615,0.4612850082372323,19.93881862942878,60.52249011355351,88.8092163674791
878,10,10,0,42,0.888888888888889,2.8668941979522184,0.4612850082372323,16.93881862942878,59.69754512012431,88.802681565922
879,10,10,0,42,0.888888888888889,2.8636363636363638,0.4612850082372323,13.93881862942878,59.04075050509623,88.77959822648766
880,10,10,0,42,0.888888888888889,2.8603859250851302,0.4612850082372323,10.93881862942878,58.12673192746867,88.70191671770367
881,10,10,0,42,0.888888888888889,2.8571428571428568,0.4612850082372323,9.5,58.95500336060228,90.14894078634465
882,10,10,0,43,0.8844961240310077,2.921857304643262,0.46082390953150243,9.5,58.4249687693136,91.07346443531539
883,10,10,0,43,0.8844961240310077,2.918552036199095,0.46082390953150243,14.5,56.14399918963379,91.20455490371234
884,10,10,0,43,0.8844961240310077,2.915254237288136,0.46082390953150243,19.5,55.07027308942719,91.04001656498423
885,10,10,0,43,0.8844961240310077,2.91196388261851,0.46082390953150243,16.50471044119783,53.43454454417024,77.98226454205096
886,10,10,0,43,0.8844961240310077,2.9086809470124013,0.46082390953150243,13.50471044119783,53.439860701491114,79.06896550812719
887,10,10,0,43,0.8844961240310077,2.9054054054054053,0.46082390953150243,10.50471044119783,53.5552894066062,79.11934736685402
888,10,10,0,43,0.8844961240310077,2.9021372328458943,0.46082390953150243,9.5,53.837569078800655,79.05026438088937
889,10,10,0,44,0.8803030303030304,2.966292134831461,0.4623035607718321,9.5,54.161998765336776,79.88561271359106
890,10,10,0,44,0.8803030303030304,2.962962962962963,0.4623035607718321,14.5,54.64714091677555,78.88856345343237
891,10,10,0,44,0.8803030303030304,2.959641255605381,0.4623035607718321,19.5,55.764746385164244,79.79672821932726
892,10,10,0,44,0.8803030303030304,2.9563269876819707,0.4623035607718321,21.77062338189522,57.802012939029524,78.76491523074569
893,10,10,0,44,0.8803030303030304,2.953020134228188,0.4623035607718321,18.77062338189522,58.390175201557085,78.89569094900277
894,10,10,0,44,0.8803030303030304,2.9497206703910615,0.4623035607718321,15.77062338189522,58.52238524769721,79.07688556706964
895,10,10,0,44,0.8803030303030304,2.946428571428571,0.4623035607718321,12.77062338189522,60.60389907939327,91.39311719114687
896,10,10,0,44,0.8803030303030304,2.94314381270903,0.4623035607718321,9.77062338189522,60.29436225006492,91.34805892786969
897,10,10,0,45,0.8840740740740741,3.0066815144766146,0.45965723088773347,9.77062338189522,58.29554962299723,92.19093158316284
898,10,10,0,45,0.8840740740740741,3.003337041156841,0.45965723088773347,14.77062338189522,58.90344053003222,92.22234341499471
899,10,10,0,45,0.8840740740740741,3.0,0.45965723088773347,19.77062338189522,59.440306095024894,93.03182820501915
900,10,10,0,45,0.8840740740740741,2.9966703662597114,0.45965723088773347,24.77062338189522,58.434390250586716,80.10771052953656
901,10,10,0,45,0.8840740740740741,2.9933481152993346,0.45965723088773347,29.77062338189522,58.39744836654798,80.21788172639468
902,10,10,0,45,0.8840740740740741,2.990033222591362,0.45965723088773347,34.77062338189522,58.27783843678655,80.3604902942679
903,10,10,0,45,0.8840740740740741,2.9867256637168142,0.45965723088773347,35.33329192758572,57.93740364283966,79.83357049413193
904,10,10,0,45,0.8840740740740741,2.983425414364641,0.45965723088773347,32.33329192758572,57.659415373979776,79.68755808267593
905,10,10,0,45,0.8840740740740741,2.9801324503311255,0.45965723088773347,29.33329192758572,57.691827022883196,80.82964594823027
906,10,10,0,45,0.8840740740740741,2.9768467475192946,0.45965723088773347,26.33329192758572,56.87731157931982,79.71116817522021
907,10,10,0,45,0.8840740740740741,2.973568281938326,0.45965723088773347,23.33329192758572,56.44940744587674,79.81445436688641
908,10,10,0,45,0.8840740740740741,2.9702970297029703,0.45965723088773347,20.33329192758572,55.14334520511245,79.9051502360425
909,10,10,0,45,0.8840740740740741,2.9670329670329667,0.45965723088773347,17.33329192758572,54.17077764355626,79.81452141998264
910,10,10,0,45,0.8840740740740741,2.96377607025247,0.45965723088773347,14.33329192758572,52.99655436892333,79.81777423049192
911,10,10,0,45,0.8840740740740741,2.960526315789474,0.45965723088773347,11.33329192758572,52.538423323411635,79.89410826147419
912,10,10,0,45,0.8840740740740741,2.9572836801752467,0.45965723088773347,9.0,52.41991618722992,78.61579451290261
913,10,9,0,45,0.8840740740740741,2.9540481400437635,0.45965723088773347,13.796728219327264,54.8095396473344,80.58212711051566
914,10,9,0,45,0.8840740740740741,2.9508196721311473,0.45965723088773347,10.796728219327264,55.80932749216274,92.38228843739918
915,10,9,0,45,0.8840740740740741,2.947598253275109,0.45965723088773347,9.0,53.548556799052875,92.4646955167944
916,10,9,0,45,0.8840740740740741,2.9443838604143946,0.45965723088773347,9.0,51.238319625235114,79.45726623738193
917,10,9,0,45,0.8840740740740741,2.941176470588235,0.45965723088773347,14.0,52.000465196339604,91.50274127722135
918,10,9,0,45,0.8840740740740741,2.9379760609358,0.45965723088773347,17.734168493602652,51.092166153714956,90.55526617114917
919,10,9,0,45,0.8840740740740741,2.9347826086956523,0.45965723088773347,14.734168493602652,50.692888181242736,89.62292407264016
920,10,9,0,45,0.8840740740740741,2.9315960912052117,0.45965723088773347,11.734168493602652,50.153927640820775,89.62868416405057
921,10,8,0,45,0.8840740740740741,2.928416485900217,0.45965723088773347,23.023749583480864,52.052297004090235,67.51619217588801
922,10,8,0,45,0.8840740740740741,2.925243770314193,0.45965723088773347,20.023749583480864,53.00196169856952,69.74738973387967
923,10,8,0,45,0.8840740740740741,2.9220779220779223,0.45965723088773347,17.023749583480864,52.70929512417566,67.29004870628648
924,10,8,0,45,0.8840740740740741,2.9189189189189193,0.45965723088773347,14.023749583480864,52.355686926860905,68.43965267361808
925,10,8,0,45,0.8840740740740741,2.915766738660907,0.45965723088773347,11.023749583480864,51.747170401540586,68.58661600375517
926,10,8,0,45,0.8840740740740741,2.912621359223301,0.45965723088773347,9.0,52.9039251073905,70.10516252217943
927,10,7,0,45,0.8840740740740741,2.9094827586206895,0.45965723088773347,31.894108261474187,59.89427815404347,73.17933168837922
928,10,7,0,45,0.8840740740740741,2.906350914962325,0.45965723088773347,28.894108261474187,57.91223124233961,69.87856358063553
929,10,7,0,45,0.8840740740740741,2.903225806451613,0.45965723088773347,25.894108261474187,56.76708318105399,69.68337583220574
930,10,7,0,45,0.8840740740740741,2.900107411385607,0.45965723088773347,22.894108261474187,55.73612016250457,69.58938166992928
931,10,7,0,45,0.8840740740740741,2.896995708154506,0.45965723088773347,19.894108261474187,54.45931821768521,69.51403122673301
932,10,7,0,45,0.8840740740740741,2.8938906752411575,0.45965723088773347,16.894108261474187,53.2633212530727,69.31753218910087
933,10,7,0,45,0.8840740740740741,2.890792291220557,0.45965723088773347,13.894108261474187,51.87101887029109,68.24871471373203
934,10,7,0,45,0.8840740740740741,2.8877005347593583,0.45965723088773347,10.894108261474187,50.33759567003621,68.08427452558038
935,10,7,0,45,0.8840740740740741,2.8846153846153846,0.45965723088773347,9.5,49.36611218723733,67.9697572180928
936,10,7,0,46,0.9289855072463769,2.9455709711846314,0.48277160610054604,9.5,48.55595985130007,68.05217660810314
937,10,7,0,46,0.9289855072463769,2.9424307036247335,0.48277160610054604,14.5,48.37473497072637,68.05182019888538
938,10,7,0,46,0.9289855072463769,2.939297124600639,0.48277160610054604,19.5,47.89038993774053,67.9588462454894
939,10,7,0,46,0.9289855072463769,2.9361702127659575,0.48277160610054604,18.747389733879672,48.07950695094326,68.04789011588234
940,10,7,0,46,0.9289855072463769,2.9330499468650375,0.48277160610054604,15.747389733879672,47.83842299030484,68.09962460973325
941,10,7,0,46,0.9289855072463769,2.9299363057324843,0.48277160610054604,12.747389733879672,44.88619175914239,65.69915699177005
942,10,7,0,46,0.9289855072463769,2.926829268292683,0.48277160610054604,9.747389733879672,45.748587862064745,65.69915699177005
943,10,6,0,46,0.9289855072463769,2.9237288135593222,0.48277160610054604,29.928091085532415,51.428224575305194,65.69915699177005
944,10,6,0,46,0.9289855072463769,2.920634920634921,0.48277160610054604,26.928091085532415,50.74380763437015,65.69915699177005
945,10,6,0,46,0.9289855072463769,2.9175475687103596,0.48277160610054604,23.928091085532415,49.86675387184713,65.69915699177005
946,10,6,0,46,0.9289855072463769,2.914466737064414,0.48277160610054604,20.928091085532415,48.32665874664684,65.69915699177005
947,10,6,0,46,0.9289855072463769,2.911392405063291,0.48277160610054604,17.928091085532415,47.434116383523424,65.69915699177005
948,10,6,0,46,0.9289855072463769,2.9083245521601686,0.48277160610054604,14.928091085532415,45.73050193122311,65.69915699177005
949,10,6,0,46,0.9289855072463769,2.905263157894737,0.48277160610054604,11.928091085532415,44.0346831264107,65.69915699177005
950,10,6,0,46,0.9289855072463769,2.902208201892744,0.48277160610054604,9.5,42.8673017272634,65.69915699177005
951,10,6,0,47,0.9439716312056737,2.9621848739495795,0.479380515036917,9.5,41.68704671755316,65.69915699177005
952,10,6,0,47,0.9439716312056737,2.9590766002098636,0.479380515036917,14.5,41.656507843193594,65.69915699177005
953,10,6,0,47,0.9439716312056737,2.9559748427672954,0.479380515036917,19.5,41.45304987121032,65.69915699177005
954,10,6,0,47,0.9439716312056737,2.9528795811518322,0.479380515036917,19.29955993960185,40.994025783604236,65.69915699177005
955,10,6,0,47,0.9439716312056737,2.9497907949790796,0.479380515036917,16.29955993960185,43.24570951101135,67.61194008732146
956,10,6,0,47,0.9439716312056737,2.9467084639498435,0.479380515036917,13.29955993960185,42.89269156246605,67.53935009354498
957,10,6,0,47,0.9439716312056737,2.943632567849687,0.479380515036917,10.29955993960185,42.528209426142475,66.72457483631595
958,10,6,0,48,0.9388888888888889,3.003128258602711,0.48424068767908307,10.29955993960185,42.97450006440755,66.86497756500275
959,10,6,0,48,0.9388888888888889,3.0,0.48424068767908307,12.765846477925521,42.46564761919283,65.69915699177005
960,10,5,0,48,0.9388888888888889,2.9968782518210197,0.48424068767908307,20.29955993960185,51.604839709839624,65.69915699177005
961,10,5,0,48,0.9388888888888889,2.993762993762994,0.48424068767908307,25.29955993960185,52.28305628268239,65.69915699177005
962,10,5,0,48,0.9388888888888889,2.9906542056074765,0.48424068767908307,30.29955993960185,52.89325777822618,65.69915699177005
963,10,5,0,48,0.9388888888888889,2.9875518672199166,0.48424068767908307,35.29955993960185,54.07446243552137,65.69915699177005
964,10,5,0,48,0.9388888888888889,2.9844559585492227,0.48424068767908307,40.29955993960185,54.677076290627745,65.69915699177005
965,10,5,0,48,0.9388888888888889,2.981366459627329,0.48424068767908307,43.1061772887314,55.032233604366276,65.69915699177005
966,10,5,0,48,0.9388888888888889,2.9782833505687694,0.48424068767908307,47.249168954077874,55.80594602894668,65.69915699177005
967,10,5,0,48,0.9388888888888889,2.975206611570248,0.48424068767908307,50.31455094848006,56.61126175337895,65.69915699177005
968,10,5,0,48,0.9388888888888889,2.972136222910217,0.48424068767908307,54.283272450142576,57.09362944039079,65.69915699177005
969,10,5,0,48,0.9388888888888889,2.9690721649484533,0.48424068767908307,55.0765687960203,58.116348040167836,65.69915699177005
970,10,5,0,48,0.9388888888888889,2.9660144181256434,0.48424068767908307,53.8856322709094,58.111990267722,65.69915699177005
971,10,5,0,48,0.9388888888888889,2.962962962962963,0.48424068767908307,52.07180833096348,58.50240363111194,65.69915699177005
972,10,5,0,48,0.9388888888888889,2.959917780061665,0.48424068767908307,49.07180833096348,57.868695862740765,65.69915699177005
973,10,5,0,48,0.9388888888888889,2.9568788501026697,0.48424068767908307,46.07180833096348,62.12747872871919,79.27805714369529
974,10,5,0,48,0.9388888888888889,2.953846153846154,0.48424068767908307,43.07180833096348,61.775172229123065,78.4506828039103
975,10,5,0,48,0.9388888888888889,2.9508196721311473,0.48424068767908307,40.07180833096348,60.90624825470782,78.28507053266122
976,10,5,0,48,0.9388888888888889,2.9477993858751277,0.48424068767908307,37.07180833096348,60.50374709171863,79.09801894201628
977,10,5,0,48,0.9388888888888889,2.9447852760736195,0.48424068767908307,34.07180833096348,59.81360590692375,79.23802402405924
978,10,5,0,48,0.9388888888888889,2.9417773237997955,0.48424068767908307,31.071808330963478,54.79961901994049,65.69915699177005
979,10,5,0,48,0.9388888888888889,2.9387755102040813,0.48424068767908307,28.071808330963478,58.5832992065624,79.03008602022877
980,10,5,0,48,0.9388888888888889,2.9357798165137616,0.48424068767908307,25.071808330963478,57.727144007776,79.03977124027388
981,10,5,0,48,0.9388888888888889,2.9327902240325865,0.48424068767908307,22.071808330963478,57.233859489081546,79.21324281549698
982,10,5,0,48,0.9388888888888889,2.9298067141403865,0.48424068767908307,19.071808330963478,53.28814206751078,66.30247553617983
983,10,5,0,48,0.9388888888888889,2.926829268292683,0.48424068767908307,16.071808330963478,53.03958273393046,68.13696048859968
984,10,5,0,48,0.9388888888888889,2.9238578680203045,0.48424068767908307,13.071808330963478,52.77577608232245,70.07503900684218
985,10,5,0,48,0.9388888888888889,2.920892494929006,0.48424068767908307,10.071808330963478,52.42566618532793,71.0693891084545
986,10,5,0,48,0.9388888888888889,2.917933130699088,0.48424068767908307,9.0,52.216518277438546,72.00015449398161
987,10,4,0,48,0.9388888888888889,2.91497975708502,0.48424068767908307,56.06165257039709,63.79592898199766,73.18933098850296
988,10,4,0,48,0.9388888888888889,2.912032355915066,0.48424068767908307,55.10032147891924,63.8012498528569,74.14338642429898
989,10,4,0,48,0.9388888888888889,2.909090909090909,0.48424068767908307,53.565447661745836,62.96191909251458,75.32093720010307
990,10,4,0,48,0.9388888888888889,2.9061553985872854,0.48424068767908307,54.26213451643932,62.7378347266914,75.46183559512168
991,10,4,0,48,0.9388888888888889,2.903225806451613,0.48424068767908307,51.26213451643932,62.004670137055584,75.65402824726512
992,10,4,0,48,0.9388888888888889,2.900302114803625,0.48424068767908307,48.26213451643932,61.253840768270564,75.76473498314616
993,10,4,0,48,0.9388888888888889,2.89738430583501,0.48424068767908307,45.26213451643932,60.391061207161414,75.71271369007505
994,10,4,0,48,0.9388888888888889,2.8944723618090453,0.48424068767908307,42.26213451643932,59.668262274231054,76.52921911751164
995,10,4,0,48,0.9388888888888889,2.891566265060241,0.48424068767908307,39.26213451643932,59.30190058167046,76.47089343493569
996,10,4,0,48,0.9388888888888889,2.8886659979939817,0.48424068767908307,36.26213451643932,58.351243356758246,76.58815877355694
997,10,4,0,48,0.9388888888888889,2.885771543086172,0.48424068767908307,33.26213451643932,56.60263379743158,73.58815877355694
998,10,4,0,48,0.9388888888888889,2.8828828828828827,0.48424068767908307,30.262134516439318,55.359733481271235,70.58815877355694
999,10,4,0,48,0.9388888888888889,2.88,0.48424068767908307,27.262134516439318,53.925046783430176,67.58815877355694
1000,10,4,0,48,0.9388888888888889,2.877122877122877,0.48424068767908307,24.262134516439318,52.45030513927171,65.69915699177005
1001,10,4,0,48,0.9388888888888889,2.874251497005988,0.48424068767908307,21.262134516439318,50.793487282907066,65.69915699177005
1002,10,4,0,48,0.9388888888888889,2.8713858424725824,0.48424068767908307,18.262134516439318,49.212048243308296,65.69915699177005
1003,10,4,0,48,0.9388888888888889,2.8685258964143427,0.48424068767908307,15.262134516439318,48.08513270979421,65.69915699177005
1004,10,4,0,48,0.9388888888888889,2.8656716417910446,0.48424068767908307,12.262134516439318,46.33633286760112,65.69915699177005
1005,10,4,0,48,0.9388888888888889,2.862823061630219,0.48424068767908307,9.262134516439318,44.56717416380546,65.69915699177005
1006,10,3,0,48,0.9388888888888889,2.8599801390268125,0.48424068767908307,46.58815877355694,55.77126858497928,65.69915699177005
1007,10,3,0,48,0.9388888888888889,2.8571428571428568,0.48424068767908307,43.58815877355694,54.83677609665286,65.69915699177005
1008,10,3,0,48,0.9388888888888889,2.8543111992071357,0.48424068767908307,40.58815877355694,53.85191187791863,65.69915699177005
1009,10,3,0,48,0.9388888888888889,2.8514851485148514,0.48424068767908307,37.58815877355694,52.750533356719494,65.69915699177005
1010,10,3,0,48,0.9388888888888889,2.8486646884273,0.48424068767908307,34.58815877355694,51.429713002894516,65.69915699177005
1011,10,3,0,48,0.9388888888888889,2.8458498023715415,0.48424068767908307,31.58815877355694,51.084069188746746,65.69915699177005
1012,10,3,0,48,0.9388888888888889,2.843040473840079,0.48424068767908307,28.58815877355694,49.79917118709708,65.69915699177005
1013,10,3,0,48,0.9388888888888889,2.8402366863905324,0.48424068767908307,25.58815877355694,48.366849008014505,65.69915699177005
1014,10,3,0,48,0.9388888888888889,2.8374384236453203,0.48424068767908307,22.58815877355694,47.782402048926805,65.69915699177005
1015,10,3,0,48,0.9388888888888889,2.8346456692913384,0.48424068767908307,19.58815877355694,46.72807512240481,65.69915699177005
1016,10,3,0,48,0.9388888888888889,2.831858407079646,0.48424068767908307,16.58815877355694,45.789983309401286,65.69915699177005
1017,10,3,0,48,0.9388888888888889,2.8290766208251474,0.48424068767908307,13.588158773556941,44.66206422229593,65.69915699177005
1018,10,3,0,48,0.9388888888888889,2.8263002944062805,0.48424068767908307,10.588158773556941,43.515188351920564,65.69915699177005
1019,10,2,0,48,0.9388888888888889,2.8235294117647056,0.48424068767908307,55.56384746405301,60.63150222791153,65.69915699177005
