,Total Drones,Active Drones,Collisions,Completed Deliveries,Avg Delivery Time [minutes],Deliveries Per Minute,Time Per Meter [seconds],Min Altitude,Mean Altitude,Max Altitude
0,10,10,0,0,0.0,0.0,0.0,10.0,12.5,15.0
1,10,10,0,0,0.0,0.0,0.0,15.0,17.5,20.0
2,10,10,0,0,0.0,0.0,0.0,20.0,22.5,25.0
3,10,10,0,0,0.0,0.0,0.0,25.0,27.5,30.0
4,10,10,0,0,0.0,0.0,0.0,30.0,32.5,35.0
5,10,10,0,0,0.0,0.0,0.0,35.0,37.5,40.0
6,10,10,0,0,0.0,0.0,0.0,40.0,42.487130855798895,45.14230130283738
7,10,10,0,0,0.0,0.0,0.0,44.895324537775224,47.61785006646507,50.266602231625185
8,10,10,0,0,0.0,0.0,0.0,49.895426269087224,53.604801980424135,65.65309403047654
9,10,10,0,0,0.0,0.0,0.0,53.93146181591504,56.17651289806495,65.69420132135463
10,10,10,0,0,0.0,0.0,0.0,54.93264866865502,56.7125982024949,65.56636776210537
11,10,10,0,0,0.0,0.0,0.0,54.89209566024883,56.865465146074015,65.54291312662154
12,10,10,0,0,0.0,0.0,0.0,54.78960236691056,56.72405021287075,65.68322653168725
13,10,10,0,0,0.0,0.0,0.0,55.09815520374512,56.85647713897886,65.67764904840195
14,10,10,0,0,0.0,0.0,0.0,53.387471754817625,56.57422804491087,65.59301228305318
15,10,10,0,0,0.0,0.0,0.0,53.98637625712712,58.16321962749263,77.9460791542378
16,10,10,0,0,0.0,0.0,0.0,54.31093325762542,58.27016758619849,77.99622462127478
17,10,10,0,0,0.0,0.0,0.0,52.614505513772144,57.90371303139176,77.98739365315431
18,10,10,0,0,0.0,0.0,0.0,52.12450527431085,56.53342835328797,59.893264760823016
19,10,10,0,0,0.0,0.0,0.0,52.26177768570723,56.903969054654056,59.96458088256209
20,10,10,0,0,0.0,0.0,0.0,54.19367985302168,59.63756469924904,77.14720337380047
21,10,10,0,0,0.0,0.0,0.0,54.648240351507695,60.048364142306625,77.32308799379312
22,10,10,0,0,0.0,0.0,0.0,51.70593936768417,57.69234436438332,65.41299629248537
23,10,10,0,0,0.0,0.0,0.0,54.30713058033595,58.619575870876794,68.17597800187728
24,10,10,0,0,0.0,0.0,0.0,41.860319104324496,56.56322298377869,66.22675698035572
25,10,10,0,0,0.0,0.0,0.0,46.89277404126632,58.57945629450435,72.87498380166835
26,10,10,0,0,0.0,0.0,0.0,50.73864761618833,58.9344899339088,73.028335611062
27,10,10,0,0,0.0,0.0,0.0,49.483189157433486,59.90207644966199,73.05946526296393
28,10,10,0,0,0.0,0.0,0.0,46.483189157433486,56.378436199571524,66.44063460651873
29,10,10,0,0,0.0,0.0,0.0,43.483189157433486,55.72800476517597,67.57416768646313
30,10,10,0,0,0.0,0.0,0.0,40.483189157433486,57.31249848485472,78.82117012299494
31,10,10,0,0,0.0,0.0,0.0,37.483189157433486,54.289119185873766,68.46846853203354
32,10,10,0,0,0.0,0.0,0.0,34.483189157433486,55.306421282518656,87.50450521050452
33,10,10,0,0,0.0,0.0,0.0,31.483189157433486,54.758216551312856,87.33612614051832
34,10,10,0,0,0.0,0.0,0.0,28.483189157433486,53.79444758985785,87.16540013943946
35,10,10,0,0,0.0,0.0,0.0,25.483189157433486,52.040352640590164,84.16540013943946
36,10,10,0,0,0.0,0.0,0.0,22.483189157433486,51.122497124909906,81.16540013943946
37,10,10,0,0,0.0,0.0,0.0,19.483189157433486,49.84522954845375,78.16540013943946
38,10,10,0,0,0.0,0.0,0.0,16.483189157433486,47.7680404482591,75.16540013943946
39,10,10,0,0,0.0,0.0,0.0,13.483189157433486,45.24886683562508,72.16540013943946
40,10,10,0,0,0.0,0.0,0.0,10.483189157433486,42.736523959267544,69.16540013943946
41,10,10,0,0,0.0,0.0,0.0,9.0,40.395764249743166,66.16540013943946
42,10,10,0,0,0.0,0.0,0.0,9.0,38.487276343281636,63.165400139439456
43,10,10,0,0,0.0,0.0,0.0,14.0,37.75474909388239,61.82032514926915
44,10,10,0,0,0.0,0.0,0.0,14.090257045403803,36.95710589059516,61.92908072407943
45,10,10,0,0,0.0,0.0,0.0,11.090257045403803,36.28677532236664,63.04027809498635
46,10,10,0,0,0.0,0.0,0.0,9.0,35.29230937864321,61.21724097199868
47,10,10,0,0,0.0,0.0,0.0,9.0,34.78427441964085,61.12823917542035
48,10,10,0,0,0.0,0.0,0.0,13.421891368752313,34.960026172401925,63.04973502594599
49,10,10,0,0,0.0,0.0,0.0,10.421891368752313,34.85412648863459,63.07067258006272
50,10,10,0,0,0.0,0.0,0.0,9.0,39.41115914949961,78.00813486278544
51,10,10,0,0,0.0,0.0,0.0,9.0,37.08041503779664,77.80874435795596
52,10,10,0,0,0.0,0.0,0.0,12.659101051571255,40.00308122115142,78.08167921298661
53,10,10,0,0,0.0,0.0,0.0,9.659101051571255,37.61115767445218,74.90117948704871
54,10,10,0,0,0.0,0.0,0.0,9.0,39.596342218237865,82.13332747502587
55,10,10,0,0,0.0,0.0,0.0,9.0,40.57217821037493,84.05677760312001
56,10,10,0,0,0.0,0.0,0.0,14.0,43.14781326176327,83.95354432187199
57,10,10,0,0,0.0,0.0,0.0,18.165400139439456,47.01499523537031,83.76193349826549
58,10,10,0,0,0.0,0.0,0.0,15.165400139439456,44.60571494940398,77.78568348745608
59,10,10,0,0,0.0,0.0,0.0,12.165400139439456,46.40580553888988,78.08322572218246
60,10,10,0,0,0.0,0.0,0.0,9.165400139439456,49.63232276105583,78.01632789195571
61,10,10,0,0,0.0,0.0,0.0,9.165400139439456,50.37925588532939,77.97622186895457
62,10,10,0,0,0.0,0.0,0.0,14.165400139439456,52.80581655635795,78.04554518203922
63,10,10,0,0,0.0,0.0,0.0,19.165400139439456,53.45327266154004,78.0448134643183
64,10,10,0,0,0.0,0.0,0.0,24.165400139439456,54.73561128862557,78.10626598504619
65,10,10,0,0,0.0,0.0,0.0,24.971060200843127,54.33624241585075,75.54520190338835
66,10,10,0,0,0.0,0.0,0.0,21.971060200843127,53.55798415973783,75.41854964977635
67,10,10,0,0,0.0,0.0,0.0,18.971060200843127,54.20339246949122,75.3326391639529
68,10,10,0,0,0.0,0.0,0.0,15.971060200843127,56.16223568602013,74.31563011121266
69,10,10,0,0,0.0,0.0,0.0,12.971060200843127,55.577522232940474,78.12711236002383
70,10,10,0,0,0.0,0.0,0.0,9.971060200843127,55.74734865775855,78.13357316276267
71,10,10,0,0,0.0,0.0,0.0,9.971060200843127,55.099576279664895,78.09903307775825
72,10,10,0,0,0.0,0.0,0.0,14.971060200843127,53.990215363992135,75.09903307775825
73,10,10,0,0,0.0,0.0,0.0,19.971060200843127,54.39212368041062,72.09903307775825
74,10,10,0,0,0.0,0.0,0.0,24.971060200843127,54.89141906139059,69.09903307775825
75,10,10,0,0,0.0,0.0,0.0,29.971060200843127,55.14183792278343,66.90015469404987
76,10,10,0,0,0.0,0.0,0.0,34.97106020084313,55.5949992302773,68.93440397988472
77,10,10,0,0,0.0,0.0,0.0,33.753223152166186,55.50810927538735,69.07637656195473
78,10,10,0,0,0.0,0.0,0.0,30.753223152166186,55.45901155433997,69.07698528149159
79,10,10,0,0,0.0,0.0,0.0,27.753223152166186,55.07180812294503,68.22556124894692
80,10,10,0,0,0.0,0.0,0.0,24.753223152166186,56.50653992965609,78.23703520029858
81,10,10,0,0,0.0,0.0,0.0,21.753223152166186,56.16874636234255,78.18881834628598
82,10,10,0,0,0.0,0.0,0.0,18.753223152166186,55.050360250080146,78.1722373181101
83,10,10,0,0,0.0,0.0,0.0,15.753223152166186,54.350688227373766,78.21678636885352
84,10,10,0,0,0.0,0.0,0.0,12.753223152166186,53.97007781211302,77.19477001853663
85,10,10,0,0,0.0,0.0,0.0,9.753223152166186,51.449670686849025,77.26467320143772
86,10,10,0,0,0.0,0.0,0.0,9.753223152166186,48.78459184685539,70.15680343457872
87,10,10,0,0,0.0,0.0,0.0,14.753223152166186,48.07527647166371,71.35162488668699
88,10,10,0,0,0.0,0.0,0.0,19.753223152166186,47.958915262346785,71.35613680157606
89,10,10,0,0,0.0,0.0,0.0,24.09903307775825,49.07296879158332,90.24740848693483
90,10,10,0,0,0.0,0.0,0.0,21.09903307775825,48.76382401904748,77.81021390259454
91,10,10,0,0,0.0,0.0,0.0,18.09903307775825,48.16479924936955,77.74872741953153
92,10,10,0,0,0.0,0.0,0.0,15.09903307775825,47.27514765776964,77.6429873983533
93,10,10,0,0,0.0,0.0,0.0,12.09903307775825,46.175454143594344,77.74239551517421
94,10,10,0,0,0.0,0.0,0.0,9.5,46.879668908426105,76.70269932758157
95,10,10,0,2,0.8083333333333333,1.25,0.470873786407767,9.5,46.480222157225384,76.62223000709842
96,10,10,0,2,0.8083333333333333,1.2371134020618557,0.470873786407767,14.5,46.875043403465995,78.26076081740958
97,10,10,0,2,0.8083333333333333,1.2244897959183672,0.470873786407767,15.605025998240166,44.294520202328236,73.74645987703559
98,10,10,0,2,0.8083333333333333,1.2121212121212122,0.470873786407767,12.605025998240166,43.87572727585621,72.10287963426762
99,10,10,0,2,0.8083333333333333,1.2,0.470873786407767,9.605025998240166,45.27542345895996,89.97662867808222
100,10,10,0,3,0.7944444444444444,1.782178217821782,0.3972222222222222,9.605025998240166,43.25814663364706,70.7900964398677
101,10,10,0,3,0.7944444444444444,1.7647058823529411,0.3972222222222222,14.605025998240166,45.719140525714664,84.45274971622447
102,10,10,0,3,0.7944444444444444,1.7475728155339807,0.3972222222222222,18.277208212424384,44.539595205591446,71.72438453648667
103,10,10,0,3,0.7944444444444444,1.7307692307692308,0.3972222222222222,15.277208212424384,45.0945626221232,71.83129001632292
104,10,10,0,3,0.7944444444444444,1.7142857142857142,0.3972222222222222,12.277208212424384,44.299949912527175,72.9491721807841
105,10,10,0,3,0.7944444444444444,1.6981132075471699,0.3972222222222222,9.5,46.2880940065789,74.46731811279093
106,10,10,0,4,0.7833333333333333,2.2429906542056073,0.4095860566448802,9.5,44.597547336466896,73.75343753478595
107,10,10,0,4,0.7833333333333333,2.2222222222222223,0.4095860566448802,9.5,45.144849803333464,73.82700244541736
108,10,10,0,5,0.75,2.7522935779816518,0.43021032504780116,9.5,47.04924551905789,73.82019651042685
109,10,10,0,5,0.75,2.7272727272727275,0.43021032504780116,14.5,47.739369650260485,74.8863268502909
110,10,10,0,5,0.75,2.7027027027027026,0.43021032504780116,17.014192887540162,47.82478948934907,74.76230838267347
111,10,10,0,5,0.75,2.678571428571429,0.43021032504780116,14.014192887540162,48.08690433347681,74.68481758295174
112,10,10,0,5,0.75,2.6548672566371683,0.43021032504780116,11.014192887540162,48.21544544891072,74.51888054086452
113,10,10,0,5,0.75,2.631578947368421,0.43021032504780116,9.5,48.59681274059006,74.70854625717581
114,10,10,0,6,0.788888888888889,3.1304347826086953,0.4109985528219971,9.5,49.00259447736563,74.87835218350344
115,10,10,0,6,0.788888888888889,3.103448275862069,0.4109985528219971,14.5,50.023745791737625,75.05475226132134
116,10,10,0,6,0.788888888888889,3.0769230769230766,0.4109985528219971,16.74645987703559,50.64160483425853,72.05475226132134
117,10,10,0,6,0.788888888888889,3.050847457627119,0.4109985528219971,13.74645987703559,51.11407487659403,71.58500491991751
118,10,10,0,6,0.788888888888889,3.0252100840336134,0.4109985528219971,10.74645987703559,50.535411895745064,71.75927660149182
119,10,10,0,6,0.788888888888889,3.0,0.4109985528219971,9.5,50.119049819298155,71.73694846889701
120,10,10,0,7,0.85,3.4710743801652892,0.3781779661016949,9.5,49.826236730404716,71.61609671470143
121,10,10,0,7,0.85,3.4426229508196724,0.3781779661016949,14.5,47.646479838868416,62.69918280787556
122,10,10,0,7,0.85,3.4146341463414633,0.3781779661016949,19.5,47.6794153816049,63.89301613922078
123,10,10,0,7,0.85,3.3870967741935485,0.3781779661016949,24.5,47.483094186551156,63.75299010539594
124,10,10,0,7,0.85,3.36,0.3781779661016949,21.663938924770264,47.550844648080954,63.86568008610777
125,10,10,0,7,0.85,3.333333333333333,0.3781779661016949,18.663938924770264,48.12598495913321,63.73001683138358
126,10,10,0,7,0.85,3.3070866141732282,0.3781779661016949,15.663938924770264,49.57840832404072,75.96977090254454
127,10,10,0,7,0.85,3.28125,0.3781779661016949,12.663938924770264,46.837212881087545,65.822369810932
128,10,10,0,7,0.85,3.255813953488372,0.3781779661016949,9.663938924770264,46.461422301984136,65.62329727688396
129,10,10,0,8,0.925,3.6923076923076925,0.4069660861594867,9.663938924770264,44.026967961879016,66.99760529582167
130,10,10,0,8,0.925,3.66412213740458,0.4069660861594867,14.663938924770264,44.11026469397571,66.98049573667045
131,10,10,0,8,0.925,3.6363636363636367,0.4069660861594867,19.663938924770264,44.1447160330109,67.10022511610553
132,10,10,0,8,0.925,3.6090225563909772,0.4069660861594867,22.958524215440576,44.20050861298979,67.13949169892935
133,10,10,0,8,0.925,3.582089552238806,0.4069660861594867,21.05475226132134,45.743579193991955,67.25152794170131
134,10,10,0,8,0.925,3.555555555555556,0.4069660861594867,18.05475226132134,45.63798708536134,67.17566928746267
135,10,10,0,8,0.925,3.5294117647058822,0.4069660861594867,15.05475226132134,46.775049185568875,76.68830317083382
136,10,10,0,8,0.925,3.503649635036496,0.4069660861594867,12.05475226132134,45.19967796065191,68.16490161482184
137,10,10,0,8,0.925,3.4782608695652173,0.4069660861594867,9.5,46.792349460062,72.3200648695337
138,10,10,0,9,0.9185185185185186,3.884892086330935,0.389630793401414,9.0,46.91786644723726,72.39773898028625
139,10,8,0,9,0.9185185185185186,3.8571428571428568,0.389630793401414,14.5,56.588410204288586,72.43714907826134
140,10,10,0,9,0.9185185185185186,3.829787234042553,0.389630793401414,10.0,47.892544571672914,87.85732320417804
141,10,10,0,9,0.9185185185185186,3.8028169014084505,0.389630793401414,15.0,50.16416437250668,87.99747270642415
142,10,10,0,9,0.9185185185185186,3.7762237762237767,0.389630793401414,20.0,51.77799806293042,88.0929237785828
143,10,10,0,9,0.9185185185185186,3.75,0.389630793401414,25.0,51.31614699373997,68.24801003686939
144,10,10,0,9,0.9185185185185186,3.7241379310344827,0.389630793401414,30.0,52.61113697535514,66.60571048600467
145,10,10,0,9,0.9185185185185186,3.698630136986301,0.389630793401414,35.0,53.82419822849799,66.77304705938062
146,10,10,0,9,0.9185185185185186,3.673469387755102,0.389630793401414,40.0,54.91136123614349,66.95293957717344
147,10,10,0,9,0.9185185185185186,3.6486486486486487,0.389630793401414,44.82000690771031,60.5770307804565,79.41396685489582
148,10,10,0,9,0.9185185185185186,3.6241610738255035,0.389630793401414,49.91555049546004,57.204073426506646,66.65780337659064
149,10,10,0,9,0.9185185185185186,3.5999999999999996,0.389630793401414,52.528153618230874,57.36048915597039,66.73034936217022
150,10,10,0,9,0.9185185185185186,3.576158940397351,0.389630793401414,49.528153618230874,56.544342927645445,66.53713059412233
151,10,10,0,9,0.9185185185185186,3.552631578947368,0.389630793401414,46.528153618230874,56.47696970096174,66.52963146071012
152,10,10,0,9,0.9185185185185186,3.5294117647058822,0.389630793401414,43.528153618230874,56.22853341887651,66.56774851220345
153,10,10,0,9,0.9185185185185186,3.5064935064935066,0.389630793401414,40.528153618230874,55.286969020444374,64.91963882535566
154,10,10,0,9,0.9185185185185186,3.4838709677419355,0.389630793401414,37.528153618230874,55.10750919420584,75.85737000313658
155,10,10,0,9,0.9185185185185186,3.4615384615384617,0.389630793401414,34.528153618230874,54.68679136137869,69.75851819943476
156,10,10,0,9,0.9185185185185186,3.4394904458598727,0.389630793401414,35.71969465444444,54.26122010599268,67.4463239573364
157,10,10,0,9,0.9185185185185186,3.4177215189873418,0.389630793401414,32.71969465444444,55.355381068732626,75.7678450322905
158,10,10,0,9,0.9185185185185186,3.3962264150943398,0.389630793401414,33.528153618230874,53.43849527806585,67.40616474486298
159,10,10,0,9,0.9185185185185186,3.375,0.389630793401414,30.528153618230874,54.3373772958304,75.75353425370301
160,10,10,0,9,0.9185185185185186,3.3540372670807455,0.389630793401414,27.528153618230874,53.11661395780184,65.73161485200991
161,10,10,0,9,0.9185185185185186,3.333333333333333,0.389630793401414,24.528153618230874,55.17648317824271,82.10997517335964
162,10,10,0,9,0.9185185185185186,3.312883435582822,0.389630793401414,29.528153618230874,55.98584401753975,75.76882511670279
163,10,10,0,9,0.9185185185185186,3.292682926829268,0.389630793401414,26.528153618230874,54.2689970327998,66.45847405131683
164,10,10,0,9,0.9185185185185186,3.2727272727272725,0.389630793401414,23.528153618230874,53.677839604180484,67.22626861402705
165,10,10,0,9,0.9185185185185186,3.253012048192771,0.389630793401414,20.528153618230874,53.15031290486702,68.22259607262593
166,10,10,0,9,0.9185185185185186,3.2335329341317367,0.389630793401414,25.528153618230874,54.052869625686036,68.65128816542682
167,10,10,0,9,0.9185185185185186,3.214285714285714,0.389630793401414,22.528153618230874,52.75323521643641,69.74794014750456
168,10,10,0,9,0.9185185185185186,3.195266272189349,0.389630793401414,19.528153618230874,51.224218483761,69.73818533247025
169,10,10,0,9,0.9185185185185186,3.176470588235294,0.389630793401414,16.528153618230874,50.1743399725553,69.09740955843374
170,10,10,0,9,0.9185185185185186,3.1578947368421053,0.389630793401414,13.528153618230874,48.96448389296734,69.54978633517783
171,10,10,0,9,0.9185185185185186,3.1395348837209305,0.389630793401414,10.528153618230874,47.440677716483656,68.3987878532951
172,10,10,0,9,0.9185185185185186,3.121387283236994,0.389630793401414,9.0,46.66521475680166,69.50997825068232
173,10,9,0,9,0.9185185185185186,3.103448275862069,0.389630793401414,14.0,50.56851681408588,68.66775802994218
174,10,10,0,9,0.9185185185185186,3.085714285714286,0.389630793401414,10.0,45.69154997071483,68.03000031775822
175,10,9,0,9,0.9185185185185186,3.0681818181818183,0.389630793401414,15.0,48.69872425531495,68.10121693318105
176,10,10,0,9,0.9185185185185186,3.050847457627119,0.389630793401414,10.0,44.023278769465904,67.92113773602034
177,10,10,0,9,0.9185185185185186,3.033707865168539,0.389630793401414,15.0,43.216104197868546,67.82883244162569
178,10,10,0,9,0.9185185185185186,3.016759776536313,0.389630793401414,20.0,42.523098671981344,67.71636801859793
179,10,10,0,9,0.9185185185185186,3.0,0.389630793401414,25.0,42.66893909464804,67.6559539287712
180,10,10,0,9,0.9185185185185186,2.983425414364641,0.389630793401414,22.66978010979726,42.46778606284888,68.59175602680371
181,10,10,0,9,0.9185185185185186,2.9670329670329667,0.389630793401414,19.66978010979726,45.60991372825338,80.78840321286513
182,10,10,0,9,0.9185185185185186,2.9508196721311473,0.389630793401414,22.30933292244154,46.68978801595601,80.8486407746465
183,10,10,0,9,0.9185185185185186,2.9347826086956523,0.389630793401414,19.30933292244154,44.3516627107414,68.36238123661994
184,10,10,0,9,0.9185185185185186,2.9189189189189193,0.389630793401414,16.30933292244154,44.53039971671175,68.5265815695157
185,10,10,0,9,0.9185185185185186,2.903225806451613,0.389630793401414,13.309332922441541,46.774548794656994,68.60980329941592
186,10,10,0,9,0.9185185185185186,2.8877005347593583,0.389630793401414,10.309332922441541,44.33030597246354,68.64235750063688
187,10,8,0,9,0.9185185185185186,2.872340425531915,0.389630793401414,9.51230068493959,51.87474401139549,68.591734244074
188,10,10,0,9,0.9185185185185186,2.8571428571428568,0.389630793401414,9.51230068493959,43.793734313403014,68.74342609145302
189,10,10,0,9,0.9185185185185186,2.8421052631578947,0.389630793401414,14.51230068493959,44.986160179780164,68.70921036687172
190,10,10,0,9,0.9185185185185186,2.8272251308900525,0.389630793401414,19.51230068493959,46.87918058781548,67.95551942486654
191,10,10,0,9,0.9185185185185186,2.8125,0.389630793401414,24.51230068493959,48.17173383146421,67.98091783302516
192,10,10,0,9,0.9185185185185186,2.7979274611398965,0.389630793401414,29.51230068493959,49.250661590970424,69.08104303743168
193,10,10,0,9,0.9185185185185186,2.783505154639175,0.389630793401414,34.51230068493959,50.80225811963971,68.93974607350447
194,10,10,0,9,0.9185185185185186,2.769230769230769,0.389630793401414,32.120100711189096,52.22947917901543,69.05386707347391
195,10,10,0,9,0.9185185185185186,2.7551020408163267,0.389630793401414,37.120100711189096,54.13315028008293,68.91542922851512
196,10,10,0,9,0.9185185185185186,2.7411167512690353,0.389630793401414,42.120100711189096,55.883532967982546,68.64642690102993
197,10,10,0,9,0.9185185185185186,2.7272727272727275,0.389630793401414,39.120100711189096,56.27677405744195,68.76976621656227
198,10,10,0,9,0.9185185185185186,2.71356783919598,0.389630793401414,36.120100711189096,55.64884805926952,68.96556328963703
199,10,10,0,9,0.9185185185185186,2.6999999999999997,0.389630793401414,33.120100711189096,55.212743734637215,69.11511295633716
200,10,10,0,9,0.9185185185185186,2.6865671641791042,0.389630793401414,38.120100711189096,57.60796467613786,75.01899349468582
201,10,10,0,9,0.9185185185185186,2.673267326732673,0.389630793401414,35.120100711189096,54.9938179597376,69.05395498274417
202,10,10,0,9,0.9185185185185186,2.6600985221674875,0.389630793401414,40.120100711189096,55.22423753084179,68.92066893016867
203,10,10,0,9,0.9185185185185186,2.647058823529412,0.389630793401414,37.120100711189096,53.786729752726,68.84822819561656
204,10,10,0,9,0.9185185185185186,2.6341463414634143,0.389630793401414,34.120100711189096,53.83571141610978,68.96659427635677
205,10,10,0,9,0.9185185185185186,2.621359223300971,0.389630793401414,31.120100711189096,53.09564313513869,68.87302018762684
206,10,10,0,9,0.9185185185185186,2.608695652173913,0.389630793401414,28.120100711189096,52.350018402614374,68.80117943303479
207,10,10,0,9,0.9185185185185186,2.5961538461538463,0.389630793401414,25.120100711189096,53.89418774821072,78.38191552294104
208,10,10,0,9,0.9185185185185186,2.583732057416268,0.389630793401414,22.120100711189096,50.66853139504438,68.84405921290637
209,10,10,0,9,0.9185185185185186,2.5714285714285716,0.389630793401414,19.120100711189096,50.360684948109764,68.91607569412915
210,10,10,0,9,0.9185185185185186,2.5592417061611377,0.389630793401414,16.120100711189096,49.607306794465956,69.02348449663843
211,10,10,0,9,0.9185185185185186,2.5471698113207544,0.389630793401414,13.120100711189096,48.20776121944959,68.93244614622147
212,10,10,0,9,0.9185185185185186,2.535211267605634,0.389630793401414,10.120100711189096,47.453623884603225,68.89674608192855
213,10,10,0,9,0.9185185185185186,2.5233644859813085,0.389630793401414,14.915429228515123,47.410644418711954,68.85699721533038
214,10,10,0,9,0.9185185185185186,2.511627906976744,0.389630793401414,11.915429228515123,48.931619848714995,77.78750066518103
215,10,10,0,9,0.9185185185185186,2.5,0.389630793401414,9.0,49.940979812337545,76.66254165430601
216,10,10,0,9,0.9185185185185186,2.488479262672811,0.389630793401414,9.0,48.43227580047361,76.63928372865523
217,10,10,0,9,0.9185185185185186,2.4770642201834865,0.389630793401414,12.12324375760653,49.99601854217077,76.56595750731202
218,10,10,0,9,0.9185185185185186,2.4657534246575343,0.389630793401414,9.12324375760653,46.700562045508576,69.14088468517531
219,10,10,0,9,0.9185185185185186,2.4545454545454546,0.389630793401414,9.12324375760653,46.76349535022872,68.99795750379194
220,10,10,0,9,0.9185185185185186,2.4434389140271495,0.389630793401414,10.120100711189096,47.71757770943843,68.95219207985302
221,10,10,0,9,0.9185185185185186,2.4324324324324325,0.389630793401414,9.0,48.77779648755008,69.06376405639175
222,10,9,0,9,0.9185185185185186,2.42152466367713,0.389630793401414,24.12324375760653,54.19403482965638,69.13302130048356
223,10,10,0,9,0.9185185185185186,2.410714285714286,0.389630793401414,10.0,52.53857801833484,78.01178129077586
224,10,10,0,9,0.9185185185185186,2.4,0.389630793401414,15.0,52.1261802014689,69.02460491057468
225,10,10,0,9,0.9185185185185186,2.3893805309734515,0.389630793401414,20.0,53.44001321534127,69.06868681954579
226,10,10,0,9,0.9185185185185186,2.378854625550661,0.389630793401414,25.0,54.510072136645,69.25260119354716
227,10,10,0,9,0.9185185185185186,2.3684210526315788,0.389630793401414,30.0,55.31803369134699,69.33786678964736
228,10,10,0,9,0.9185185185185186,2.3580786026200875,0.389630793401414,35.0,55.52149324969029,69.25609540745607
229,10,10,0,9,0.9185185185185186,2.347826086956522,0.389630793401414,40.0,56.59026542564307,69.06923693395568
230,10,10,0,9,0.9185185185185186,2.3376623376623376,0.389630793401414,45.03718312883072,57.147536585498564,69.14301048044895
231,10,10,0,9,0.9185185185185186,2.3275862068965516,0.389630793401414,48.03998848320356,57.40530963645847,68.94364496542468
232,10,10,0,9,0.9185185185185186,2.3175965665236054,0.389630793401414,45.03998848320356,58.08162670124822,68.93284731880395
233,10,10,0,9,0.9185185185185186,2.307692307692308,0.389630793401414,42.03998848320356,59.47105409401409,88.83929685500537
234,10,10,0,9,0.9185185185185186,2.297872340425532,0.389630793401414,39.03998848320356,59.43348061431003,88.71144106371385
235,10,10,0,9,0.9185185185185186,2.288135593220339,0.389630793401414,36.03998848320356,58.8363016776554,88.6060946040095
236,10,10,0,9,0.9185185185185186,2.278481012658228,0.389630793401414,33.03998848320356,59.92826365219531,88.60583503490751
237,10,10,0,9,0.9185185185185186,2.26890756302521,0.389630793401414,30.039988483203558,57.04438546037623,86.91207793132375
238,10,10,0,9,0.9185185185185186,2.2594142259414225,0.389630793401414,27.039988483203558,56.09374797981028,86.82258472134954
239,10,10,0,9,0.9185185185185186,2.25,0.389630793401414,24.039988483203558,55.42881856118803,87.82706216135792
240,10,10,0,9,0.9185185185185186,2.240663900414938,0.389630793401414,21.039988483203558,56.84054898404759,87.916790178004
241,10,10,0,9,0.9185185185185186,2.231404958677686,0.389630793401414,18.039988483203558,56.01607694466959,87.78605384106365
242,10,10,0,9,0.9185185185185186,2.2222222222222223,0.389630793401414,15.039988483203558,54.835532502690455,87.59495457232661
243,10,10,0,9,0.9185185185185186,2.2131147540983607,0.389630793401414,12.039988483203558,49.019408773204766,71.67886362402288
244,10,10,0,9,0.9185185185185186,2.2040816326530615,0.389630793401414,9.039988483203558,50.009124671676815,82.58141085628925
245,10,10,0,9,0.9185185185185186,2.195121951219512,0.389630793401414,9.039988483203558,48.83912951125045,69.70494805000025
246,10,10,0,9,0.9185185185185186,2.186234817813765,0.389630793401414,14.039988483203558,50.780993172974846,81.76510600961764
247,10,10,0,9,0.9185185185185186,2.17741935483871,0.389630793401414,11.873595835479406,50.577467909641804,80.59097525286316
248,10,10,0,9,0.9185185185185186,2.1686746987951806,0.389630793401414,9.0,51.27236771283452,90.07012022018664
249,10,10,0,9,0.9185185185185186,2.1599999999999997,0.389630793401414,9.0,51.23994922759864,90.90761808461873
250,10,10,0,9,0.9185185185185186,2.1513944223107573,0.389630793401414,9.5,51.63485757125578,90.95874997142462
251,10,10,0,10,0.885,2.380952380952381,0.4081475787855496,9.5,51.89470293590017,90.00697295941576
252,10,10,0,10,0.885,2.3715415019762847,0.4081475787855496,14.5,52.695697295806475,89.90007253595398
253,10,10,0,10,0.885,2.3622047244094486,0.4081475787855496,19.5,53.611880753226785,88.73247584212046
254,10,10,0,10,0.885,2.3529411764705883,0.4081475787855496,24.5,55.96891025114206,84.64480957443328
255,10,10,0,10,0.885,2.34375,0.4081475787855496,29.5,55.496060851941635,73.90246219993233
256,10,10,0,10,0.885,2.3346303501945527,0.4081475787855496,32.09361574364475,55.17392437422298,70.88497897668022
257,10,10,0,10,0.885,2.3255813953488373,0.4081475787855496,29.093615743644747,55.7836324417823,72.0033227469079
258,10,10,0,10,0.885,2.3166023166023164,0.4081475787855496,26.093615743644747,57.066126880538185,84.92434272701962
259,10,10,0,10,0.885,2.307692307692308,0.4081475787855496,23.093615743644747,58.157996008638335,84.89536963794677
260,10,10,0,10,0.885,2.2988505747126435,0.4081475787855496,20.093615743644747,57.831960985130436,84.93097781656076
261,10,10,0,10,0.885,2.290076335877863,0.4081475787855496,17.093615743644747,57.4245969693549,85.10099205453876
262,10,10,0,10,0.885,2.2813688212927756,0.4081475787855496,14.093615743644747,56.780549567587705,84.93846315410835
263,10,10,0,10,0.885,2.272727272727273,0.4081475787855496,11.093615743644747,56.7102579678625,76.15888836080313
264,10,10,0,10,0.885,2.2641509433962264,0.4081475787855496,9.0,54.14331803911557,75.03449595938623
265,10,10,0,10,0.885,2.2556390977443606,0.4081475787855496,9.0,55.27501436189482,74.86872859401572
266,10,10,0,10,0.885,2.247191011235955,0.4081475787855496,14.0,53.18264590558429,75.05185555960031
267,10,10,0,10,0.885,2.2388059701492535,0.4081475787855496,19.0,53.27572999461736,75.00141173865177
268,10,10,0,10,0.885,2.2304832713754648,0.4081475787855496,24.0,53.52470658835713,74.84469550398612
269,10,10,0,10,0.885,2.2222222222222223,0.4081475787855496,27.29141817620952,53.30727011052962,74.66884664336428
270,10,10,0,10,0.885,2.2140221402214024,0.4081475787855496,24.29141817620952,55.23854086970611,76.43693475187867
271,10,10,0,10,0.885,2.2058823529411766,0.4081475787855496,21.29141817620952,53.067836203422544,74.91922373012756
272,10,10,0,10,0.885,2.197802197802198,0.4081475787855496,18.29141817620952,52.399029722913596,73.76979523369845
273,10,10,0,10,0.885,2.18978102189781,0.4081475787855496,15.291418176209518,51.996248827463376,73.79054991617556
274,10,10,0,10,0.885,2.1818181818181817,0.4081475787855496,12.291418176209518,51.19450054190021,72.72974645956845
275,10,10,0,10,0.885,2.1739130434782608,0.4081475787855496,9.5,50.26996492376408,71.54433391001412
276,10,10,0,11,0.8909090909090909,2.3826714801444044,0.4097560975609756,9.5,49.81106613656488,71.44457012724976
277,10,10,0,11,0.8909090909090909,2.3741007194244603,0.4097560975609756,11.487756354728987,49.75542593195559,70.42714711522613
278,10,10,0,11,0.8909090909090909,2.365591397849462,0.4097560975609756,9.0,49.62902999620242,69.95878411552366
279,10,10,0,11,0.8909090909090909,2.357142857142857,0.4097560975609756,9.0,49.35681494047453,70.03648232644214
280,10,10,0,11,0.8909090909090909,2.3487544483985765,0.4097560975609756,14.0,49.62290565087077,70.07316548792822
281,10,10,0,11,0.8909090909090909,2.3404255319148937,0.4097560975609756,19.0,51.42852093028807,70.08501551160225
282,10,10,0,11,0.8909090909090909,2.332155477031802,0.4097560975609756,24.0,52.265681379848594,70.00082537184805
283,10,10,0,11,0.8909090909090909,2.323943661971831,0.4097560975609756,29.0,54.48570923862085,83.60920610297404
284,10,10,0,11,0.8909090909090909,2.3157894736842106,0.4097560975609756,27.903288964708665,54.63562987983912,83.62377946660342
285,10,10,0,11,0.8909090909090909,2.307692307692308,0.4097560975609756,24.903288964708665,54.827307023742904,84.36534882378845
286,10,10,0,11,0.8909090909090909,2.2996515679442506,0.4097560975609756,21.903288964708665,53.53429270968288,70.38815079835969
287,10,10,0,11,0.8909090909090909,2.291666666666667,0.4097560975609756,18.903288964708665,55.7379885923087,74.22022809455663
288,10,10,0,11,0.8909090909090909,2.283737024221453,0.4097560975609756,15.903288964708665,56.836186065014246,74.1912782817274
289,10,10,0,11,0.8909090909090909,2.2758620689655173,0.4097560975609756,12.903288964708665,57.175093914608624,75.71706140360136
290,10,10,0,11,0.8909090909090909,2.268041237113402,0.4097560975609756,9.903288964708665,56.9565837814259,75.61847271600695
291,10,10,0,12,0.875,2.4657534246575343,0.4114957544088831,9.903288964708665,56.21699767587053,75.51272475562412
292,10,10,0,12,0.875,2.4573378839590445,0.4114957544088831,14.903288964708665,59.14217625024437,75.70109511676964
293,10,10,0,12,0.875,2.4489795918367343,0.4114957544088831,19.903288964708665,58.78050919984031,77.89015906675603
294,10,10,0,12,0.875,2.4406779661016946,0.4114957544088831,24.903288964708665,59.01553741195526,78.02660407497198
295,10,10,0,12,0.875,2.4324324324324325,0.4114957544088831,29.903288964708665,57.24650690661421,80.95199852341067
296,10,10,0,12,0.875,2.4242424242424243,0.4114957544088831,33.55922632128636,57.30726333667595,82.7197699337903
297,10,10,0,12,0.875,2.4161073825503356,0.4114957544088831,30.55922632128636,57.066458706157434,82.6370318481864
298,10,10,0,12,0.875,2.408026755852843,0.4114957544088831,27.55922632128636,55.331455573133475,82.52906476046269
299,10,10,0,12,0.875,2.4,0.4114957544088831,24.55922632128636,58.3827300747684,82.47152490879695
300,10,10,0,12,0.875,2.3920265780730894,0.4114957544088831,21.55922632128636,55.09080459449971,82.30581397630036
301,10,10,0,12,0.875,2.384105960264901,0.4114957544088831,18.55922632128636,53.90659966663848,82.11122320293346
302,10,10,0,12,0.875,2.376237623762376,0.4114957544088831,15.55922632128636,52.66720547813635,81.98144721132684
303,10,10,0,12,0.875,2.3684210526315788,0.4114957544088831,12.55922632128636,51.49549046334564,82.11440541424359
304,10,9,0,12,0.875,2.3606557377049184,0.4114957544088831,25.248215699051087,54.80632599671985,82.19421487108693
305,10,10,0,12,0.875,2.3529411764705883,0.4114957544088831,10.0,50.102808193849896,82.33520825970665
306,10,10,0,12,0.875,2.345276872964169,0.4114957544088831,15.0,52.01062905604549,82.21380353371251
307,10,10,0,12,0.875,2.3376623376623376,0.4114957544088831,16.248215699051087,52.71099851402329,84.17258233463282
308,10,10,0,12,0.875,2.3300970873786406,0.4114957544088831,13.248215699051087,52.21272923867366,84.13396035536655
309,10,10,0,12,0.875,2.3225806451612905,0.4114957544088831,10.248215699051087,51.62629347477184,84.19354113533197
310,10,10,0,13,0.891025641025641,2.508038585209003,0.40173410404624277,10.248215699051087,50.10048214173156,84.33949136740303
311,10,10,0,13,0.891025641025641,2.5,0.40173410404624277,15.248215699051087,51.15999216712385,84.37111455396884
312,10,10,0,13,0.891025641025641,2.4920127795527156,0.40173410404624277,17.95128463243617,52.594614143655235,86.0147863373204
313,10,10,0,13,0.891025641025641,2.484076433121019,0.40173410404624277,14.95128463243617,55.381908434772996,87.36748083155706
314,10,10,0,13,0.891025641025641,2.4761904761904763,0.40173410404624277,11.95128463243617,53.815564004534565,87.39746823491355
315,10,10,0,13,0.891025641025641,2.4683544303797467,0.40173410404624277,9.5,53.495424854041175,87.27241656887982
316,10,10,0,14,0.9797619047619047,2.649842271293376,0.43660477453580904,9.5,53.421132416191526,87.35879084179355
317,10,10,0,14,0.9797619047619047,2.641509433962264,0.43660477453580904,14.5,56.68682177139614,87.4735586421147
318,10,10,0,14,0.9797619047619047,2.633228840125392,0.43660477453580904,19.5,57.5718831057799,87.3376877070534
319,10,10,0,14,0.9797619047619047,2.625,0.43660477453580904,24.5,57.25771021879159,88.15813030544194
320,10,10,0,14,0.9797619047619047,2.616822429906542,0.43660477453580904,29.5,58.23725053353983,88.71393699492008
321,10,10,0,14,0.9797619047619047,2.608695652173913,0.43660477453580904,34.5,56.88716388026556,88.59121535040265
322,10,10,0,14,0.9797619047619047,2.6006191950464395,0.43660477453580904,33.5869722879126,56.89958182970713,88.60406965448165
323,10,10,0,14,0.9797619047619047,2.5925925925925926,0.43660477453580904,30.5869722879126,56.48385101438818,88.42241519919104
324,10,10,0,14,0.9797619047619047,2.5846153846153843,0.43660477453580904,27.5869722879126,56.861594717374786,88.34688729135382
325,10,10,0,14,0.9797619047619047,2.5766871165644174,0.43660477453580904,24.5869722879126,56.465136317536846,88.3725104167788
326,10,10,0,14,0.9797619047619047,2.568807339449541,0.43660477453580904,21.5869722879126,56.392232562232365,88.32752587307232
327,10,10,0,14,0.9797619047619047,2.5609756097560976,0.43660477453580904,18.5869722879126,56.333400876779535,88.35757216512943
328,10,10,0,14,0.9797619047619047,2.5531914893617023,0.43660477453580904,15.586972287912602,55.55978784808373,88.18717307431062
329,10,10,0,14,0.9797619047619047,2.5454545454545454,0.43660477453580904,12.586972287912602,54.99689997932012,88.38055817492018
330,10,10,0,14,0.9797619047619047,2.5377643504531724,0.43660477453580904,9.586972287912602,54.033433335413136,88.45363375643004
331,10,10,0,15,0.9722222222222222,2.710843373493976,0.41886069889899474,9.586972287912602,53.547428976021955,88.64355597833706
332,10,10,0,15,0.9722222222222222,2.7027027027027026,0.41886069889899474,14.586972287912602,54.3599671048991,88.69630930400926
333,10,10,0,15,0.9722222222222222,2.694610778443114,0.41886069889899474,16.38833932294682,54.05935909508371,88.50957681327614
334,10,10,0,15,0.9722222222222222,2.6865671641791042,0.41886069889899474,13.38833932294682,54.437118979224955,88.48367551784163
335,10,10,0,15,0.9722222222222222,2.678571428571429,0.41886069889899474,10.38833932294682,54.04975706397827,88.44746125627775
336,10,9,0,15,0.9722222222222222,2.6706231454005938,0.41886069889899474,34.5869722879126,58.788227489435286,88.3263482000266
337,10,10,0,15,0.9722222222222222,2.662721893491124,0.41886069889899474,15.0,54.303025346804,88.52590513265964
338,10,10,0,15,0.9722222222222222,2.6548672566371683,0.41886069889899474,20.0,54.59769026026419,88.54187921611819
339,10,10,0,15,0.9722222222222222,2.647058823529412,0.41886069889899474,25.0,54.754331253253135,88.72527944326379
340,10,10,0,15,0.9722222222222222,2.6392961876832848,0.41886069889899474,30.0,58.74713771396521,91.93099041893758
341,10,10,0,15,0.9722222222222222,2.631578947368421,0.41886069889899474,30.00393450094812,54.41418488851137,88.70793901656862
342,10,10,0,15,0.9722222222222222,2.6239067055393583,0.41886069889899474,27.00393450094812,54.03552435663299,88.60316905664432
343,10,10,0,15,0.9722222222222222,2.616279069767442,0.41886069889899474,24.00393450094812,55.288365292502974,91.63679366493766
344,10,10,0,15,0.9722222222222222,2.608695652173913,0.41886069889899474,21.00393450094812,54.94335247396509,91.7368914660362
345,10,10,0,15,0.9722222222222222,2.601156069364162,0.41886069889899474,18.00393450094812,54.41197905374311,91.84385971117322
346,10,10,0,15,0.9722222222222222,2.5936599423631126,0.41886069889899474,15.00393450094812,53.96065441510369,92.01019941317692
347,10,10,0,15,0.9722222222222222,2.586206896551724,0.41886069889899474,12.00393450094812,52.77824376334373,91.83581174180777
348,10,10,0,15,0.9722222222222222,2.5787965616045843,0.41886069889899474,9.00393450094812,50.75620643332668,85.69299760121999
349,10,10,0,15,0.9722222222222222,2.5714285714285716,0.41886069889899474,9.00393450094812,48.198243235955104,71.08898644797262
350,10,10,0,15,0.9722222222222222,2.5641025641025643,0.41886069889899474,11.150890637971457,47.83019813031832,70.97056953598285
351,10,10,0,15,0.9722222222222222,2.5568181818181817,0.41886069889899474,16.150890637971457,48.037312876644236,71.8013135974137
352,10,10,0,15,0.9722222222222222,2.54957507082153,0.41886069889899474,21.150890637971457,48.76829282777045,71.65837224093782
353,10,10,0,15,0.9722222222222222,2.542372881355932,0.41886069889899474,18.150890637971457,48.312147685624154,72.71950807695649
354,10,10,0,15,0.9722222222222222,2.535211267605634,0.41886069889899474,15.150890637971457,50.7522665883099,76.4043123681332
355,10,10,0,15,0.9722222222222222,2.528089887640449,0.41886069889899474,12.150890637971457,49.00130660053923,71.41007695224975
356,10,10,0,15,0.9722222222222222,2.521008403361345,0.41886069889899474,9.150890637971457,50.83409550444049,91.51888177901908
357,10,9,0,15,0.9722222222222222,2.513966480446927,0.41886069889899474,9.5,55.37342482083324,91.76918488614294
358,10,10,0,16,1.0083333333333333,2.6740947075208914,0.431757359500446,9.5,51.555809162640536,91.60927244899314
359,10,10,0,16,1.0083333333333333,2.666666666666667,0.431757359500446,14.5,52.73326515220795,91.5431507394126
360,10,10,0,16,1.0083333333333333,2.6592797783933517,0.431757359500446,19.5,53.33349011912475,91.43260681466163
361,10,10,0,16,1.0083333333333333,2.6519337016574585,0.431757359500446,24.5,54.94288667085213,91.25728956629519
362,10,10,0,16,1.0083333333333333,2.644628099173554,0.431757359500446,29.5,56.41629564663856,91.36013733884614
363,10,10,0,16,1.0083333333333333,2.6373626373626378,0.431757359500446,34.5,57.13189510144707,79.23442291183841
364,10,10,0,16,1.0083333333333333,2.6301369863013697,0.431757359500446,39.5,57.87696858765317,79.20748487202555
365,10,10,0,16,1.0083333333333333,2.622950819672131,0.431757359500446,44.5,58.9643201767341,79.30530865876277
366,10,10,0,16,1.0083333333333333,2.6158038147138964,0.431757359500446,48.37511780163179,59.162765002303594,76.30530865876277
367,10,10,0,16,1.0083333333333333,2.608695652173913,0.431757359500446,49.740725770296336,59.98370006126252,73.30530865876277
368,10,10,0,16,1.0083333333333333,2.6016260162601625,0.431757359500446,46.740725770296336,58.94958358844525,70.30530865876277
369,10,10,0,16,1.0083333333333333,2.5945945945945947,0.431757359500446,43.740725770296336,58.074725608535324,69.92000538549648
370,10,10,0,16,1.0083333333333333,2.587601078167116,0.431757359500446,40.740725770296336,57.186554328639275,70.05301641465529
371,10,10,0,16,1.0083333333333333,2.580645161290323,0.431757359500446,37.740725770296336,56.51560350084226,70.12450766017618
372,10,10,0,16,1.0083333333333333,2.5737265415549597,0.431757359500446,34.740725770296336,55.366409093182824,70.10720027619693
373,10,10,0,16,1.0083333333333333,2.5668449197860963,0.431757359500446,31.740725770296336,55.64908396924672,71.88842564711996
374,10,10,0,16,1.0083333333333333,2.56,0.431757359500446,28.740725770296336,56.53301306735525,91.13623635995252
375,10,10,0,16,1.0083333333333333,2.5531914893617023,0.431757359500446,25.740725770296336,54.99769862046814,90.9928810975828
376,10,10,0,16,1.0083333333333333,2.546419098143236,0.431757359500446,22.740725770296336,51.79321530382144,90.89948550625493
377,10,10,0,16,1.0083333333333333,2.5396825396825395,0.431757359500446,19.740725770296336,49.110055608182094,69.79484568148057
378,10,10,0,16,1.0083333333333333,2.5329815303430077,0.431757359500446,16.740725770296336,47.90402674817109,69.8475980385729
379,10,10,0,16,1.0083333333333333,2.526315789473684,0.431757359500446,13.740725770296336,47.20453017119438,69.93137701994027
380,10,10,0,16,1.0083333333333333,2.5196850393700787,0.431757359500446,13.446561044958827,46.61905621772512,70.10610591137393
381,10,10,0,16,1.0083333333333333,2.513089005235602,0.431757359500446,10.446561044958827,46.96191162735765,70.12525151740667
382,10,10,0,17,0.9813725490196078,2.6631853785900783,0.44077498899163364,10.446561044958827,45.8718488359638,69.99530715833392
383,10,10,0,17,0.9813725490196078,2.65625,0.44077498899163364,15.446561044958827,45.892896814087315,70.0257097574603
384,10,10,0,17,0.9813725490196078,2.6493506493506493,0.44077498899163364,14.740725770296336,44.90103498160088,70.20232679649081
385,10,10,0,17,0.9813725490196078,2.642487046632124,0.44077498899163364,11.740725770296336,44.127590820894326,70.22694301607832
386,10,9,0,17,0.9813725490196078,2.635658914728682,0.44077498899163364,16.30530865876277,47.124017915934296,70.33809528920966
387,10,10,0,17,0.9813725490196078,2.6288659793814433,0.44077498899163364,10.0,43.53306844044166,70.51320646148523
388,10,10,0,17,0.9813725490196078,2.622107969151671,0.44077498899163364,10.305308658762769,43.828700275736956,70.57685491116641
389,10,10,0,17,0.9813725490196078,2.6153846153846154,0.44077498899163364,9.0,44.44249002009675,70.61094008118168
390,10,10,0,17,0.9813725490196078,2.608695652173913,0.44077498899163364,9.0,46.041673109253395,70.71828294684911
391,10,10,0,17,0.9813725490196078,2.6020408163265305,0.44077498899163364,14.0,47.807947960667875,70.81973060351095
392,10,10,0,17,0.9813725490196078,2.595419847328244,0.44077498899163364,19.0,47.98153019446092,70.93506636384289
393,10,10,0,17,0.9813725490196078,2.5888324873096447,0.44077498899163364,19.067300438770445,48.59781071619898,70.9167751345018
394,10,10,0,17,0.9813725490196078,2.5822784810126582,0.44077498899163364,16.067300438770445,48.40961843903601,71.04302517807163
395,10,10,0,17,0.9813725490196078,2.5757575757575757,0.44077498899163364,13.067300438770445,48.302015918798276,71.11011907237254
396,10,10,0,17,0.9813725490196078,2.5692695214105794,0.44077498899163364,10.067300438770445,48.90284405008681,71.15429452462932
397,10,10,0,17,0.9813725490196078,2.5628140703517586,0.44077498899163364,9.0,50.013652466315136,71.35106712131669
398,10,10,0,17,0.9813725490196078,2.556390977443609,0.44077498899163364,9.0,49.9477000404283,91.52438500990941
399,10,10,0,17,0.9813725490196078,2.5500000000000003,0.44077498899163364,14.0,50.29654655547152,91.61280882170186
400,10,10,0,17,0.9813725490196078,2.543640897755611,0.44077498899163364,19.0,52.66656175746444,91.43726718194891
401,10,10,0,17,0.9813725490196078,2.537313432835821,0.44077498899163364,24.0,51.06331696756293,91.53921412251208
402,10,10,0,17,0.9813725490196078,2.5310173697270475,0.44077498899163364,24.111943442601643,53.45218277446386,91.68879264502677
403,10,10,0,17,0.9813725490196078,2.5247524752475248,0.44077498899163364,21.491168416250375,52.551975279879436,75.26185098856638
404,10,10,0,17,0.9813725490196078,2.5185185185185186,0.44077498899163364,18.491168416250375,52.506702631766544,74.43301419921671
405,10,10,0,17,0.9813725490196078,2.5123152709359604,0.44077498899163364,23.111943442601643,53.17439981668449,74.34845743767646
406,10,10,0,17,0.9813725490196078,2.506142506142506,0.44077498899163364,20.111943442601643,53.184480066083346,73.49268496711584
407,10,10,0,17,0.9813725490196078,2.5,0.44077498899163364,17.111943442601643,52.87130159995472,73.4974926509196
408,10,10,0,17,0.9813725490196078,2.493887530562347,0.44077498899163364,14.111943442601643,52.287588523346514,73.32111437947695
409,10,10,0,17,0.9813725490196078,2.4878048780487805,0.44077498899163364,11.491168416250375,51.98752882616152,73.22977269744023
410,10,10,0,17,0.9813725490196078,2.4817518248175183,0.44077498899163364,16.111943442601643,51.77305406171566,73.1571840019739
411,10,10,0,17,0.9813725490196078,2.475728155339806,0.44077498899163364,13.491168416250375,49.603380154692296,70.55138066273759
412,10,10,0,17,0.9813725490196078,2.469733656174334,0.44077498899163364,10.491168416250375,48.4431457662611,70.64838675753009
413,10,10,0,17,0.9813725490196078,2.4637681159420293,0.44077498899163364,9.0,49.61885330286307,76.19584849401046
414,10,9,0,17,0.9813725490196078,2.4578313253012047,0.44077498899163364,12.111943442601643,50.43636762369566,70.56295962279945
415,10,9,0,17,0.9813725490196078,2.451923076923077,0.44077498899163364,10.0,50.176485534683266,70.59132688687603
416,10,10,0,17,0.9813725490196078,2.4460431654676262,0.44077498899163364,15.0,47.71155697074389,70.49107648927291
417,10,10,0,17,0.9813725490196078,2.4401913875598082,0.44077498899163364,20.0,48.562460808395265,69.34612804547356
418,10,10,0,17,0.9813725490196078,2.43436754176611,0.44077498899163364,25.0,48.53919505667002,69.3440456716655
419,10,10,0,17,0.9813725490196078,2.428571428571429,0.44077498899163364,29.292956254581483,48.54484418193076,69.30797790378593
420,10,10,0,17,0.9813725490196078,2.4228028503562946,0.44077498899163364,26.292956254581483,49.47624469292428,69.29372567987565
421,10,10,0,17,0.9813725490196078,2.4170616113744074,0.44077498899163364,23.292956254581483,50.32465201143459,69.09416212034157
422,10,10,0,17,0.9813725490196078,2.411347517730497,0.44077498899163364,20.292956254581483,50.456634805959936,69.10381165040249
423,10,10,0,17,0.9813725490196078,2.4056603773584904,0.44077498899163364,17.292956254581483,50.38413164320521,68.92548933568659
424,10,10,0,17,0.9813725490196078,2.4,0.44077498899163364,22.292956254581483,53.201412911692714,69.07891586713619
425,10,10,0,17,0.9813725490196078,2.3943661971830985,0.44077498899163364,19.292956254581483,51.9851308612762,69.0875718475362
426,10,10,0,17,0.9813725490196078,2.388758782201405,0.44077498899163364,16.292956254581483,50.58341989447008,68.95028223695408
427,10,10,0,17,0.9813725490196078,2.3831775700934577,0.44077498899163364,21.292956254581483,49.982368675525905,69.10043403004714
428,10,10,0,17,0.9813725490196078,2.3776223776223775,0.44077498899163364,18.292956254581483,48.407021910366225,69.24909727753274
429,10,10,0,17,0.9813725490196078,2.3720930232558137,0.44077498899163364,15.292956254581483,47.02830010444899,69.12366823761924
430,10,10,0,17,0.9813725490196078,2.3665893271461718,0.44077498899163364,12.292956254581483,45.17262064830105,69.18705203834267
431,10,9,0,17,0.9813725490196078,2.361111111111111,0.44077498899163364,11.949395336847374,51.460471833839506,77.73400141999078
432,10,10,0,17,0.9813725490196078,2.355658198614319,0.44077498899163364,9.5,44.18574060619814,77.58182128616896
433,10,10,0,18,0.9592592592592593,2.488479262672811,0.45004344048653344,9.5,41.486564372794476,69.04501095098973
434,10,10,0,18,0.9592592592592593,2.4827586206896552,0.45004344048653344,14.5,41.06292517582115,68.93831154841699
435,10,10,0,18,0.9592592592592593,2.4770642201834865,0.45004344048653344,17.548533286670533,41.455860375692886,68.85035884576045
436,10,10,0,18,0.9592592592592593,2.471395881006865,0.45004344048653344,14.548533286670533,41.045848104412144,68.69853778776051
437,10,10,0,18,0.9592592592592593,2.4657534246575343,0.45004344048653344,11.548533286670533,41.48291857317057,68.85551858077011
438,10,10,0,18,0.9592592592592593,2.4601366742596813,0.45004344048653344,9.0,41.96171214117726,68.7501501766791
439,10,10,0,18,0.9592592592592593,2.4545454545454546,0.45004344048653344,9.0,42.63432736610963,68.93781725710902
440,10,10,0,18,0.9592592592592593,2.4489795918367343,0.45004344048653344,10.903038475697386,42.626860734888965,68.92445499893184
441,10,10,0,18,0.9592592592592593,2.4434389140271495,0.45004344048653344,9.5,42.6107240924519,69.04176951609963
442,10,10,0,19,0.9543859649122807,2.5733634311512414,0.44718454582819567,9.5,43.2384822818852,68.87509080803429
443,10,10,0,19,0.9543859649122807,2.5675675675675675,0.44718454582819567,14.5,43.337847165523236,68.81344357717165
444,10,10,0,19,0.9543859649122807,2.561797752808989,0.44718454582819567,19.5,43.63908091651033,68.93658398015513
445,10,10,0,19,0.9543859649122807,2.5560538116591927,0.44718454582819567,22.280903754418333,43.4605474257056,68.98957774122697
446,10,10,0,19,0.9543859649122807,2.550335570469799,0.44718454582819567,19.280903754418333,43.37115856627139,69.9354374074141
447,10,10,0,19,0.9543859649122807,2.544642857142857,0.44718454582819567,16.280903754418333,46.276472545213764,71.91019726005226
448,10,10,0,19,0.9543859649122807,2.5389755011135855,0.44718454582819567,13.280903754418333,43.228511624137994,67.0996954153377
449,10,10,0,19,0.9543859649122807,2.533333333333333,0.44718454582819567,10.280903754418333,46.7437025353982,77.87784009601458
450,10,10,0,19,0.9543859649122807,2.5277161862527717,0.44718454582819567,9.0,44.43523441757402,77.74829328950503
451,10,8,0,20,1.2366666666666668,2.6548672566371683,0.5657643919176516,9.5,49.486635480301935,58.099695415337706
452,10,10,0,20,1.2366666666666668,2.6490066225165565,0.5657643919176516,14.5,43.170570779426136,59.66837722195811
453,10,10,0,20,1.2366666666666668,2.643171806167401,0.5657643919176516,19.5,43.843040177653066,60.47498396693827
454,10,10,0,20,1.2366666666666668,2.6373626373626378,0.5657643919176516,24.5,44.136740087226244,60.44640255153476
455,10,10,0,20,1.2366666666666668,2.631578947368421,0.5657643919176516,29.5,45.46464420067514,61.62676660009666
456,10,10,0,20,1.2366666666666668,2.62582056892779,0.5657643919176516,34.5,46.422280339511815,61.73469804650192
457,10,10,0,20,1.2366666666666668,2.6200873362445414,0.5657643919176516,34.983957098352874,46.60933464017593,61.67614916050765
458,10,10,0,20,1.2366666666666668,2.6143790849673203,0.5657643919176516,31.983957098352874,46.81406816062515,60.64224555856643
459,10,10,0,20,1.2366666666666668,2.608695652173913,0.5657643919176516,28.983957098352874,47.882558806704836,60.83008200500461
460,10,10,0,20,1.2366666666666668,2.6030368763557483,0.5657643919176516,25.983957098352874,51.04301196277885,75.36616676253604
461,10,10,0,20,1.2366666666666668,2.5974025974025974,0.5657643919176516,22.983957098352874,50.628706729118335,75.26025169758627
462,10,10,0,20,1.2366666666666668,2.5917926565874727,0.5657643919176516,19.983957098352874,50.28406457197919,75.28820799096087
463,10,10,0,20,1.2366666666666668,2.586206896551724,0.5657643919176516,16.983957098352874,50.139841292695294,75.08893646583093
464,10,10,0,20,1.2366666666666668,2.580645161290323,0.5657643919176516,13.983957098352874,50.081447926034336,74.91029781410126
465,10,10,0,20,1.2366666666666668,2.575107296137339,0.5657643919176516,10.983957098352874,49.416178941366816,74.99457593014118
466,10,10,0,20,1.2366666666666668,2.569593147751606,0.5657643919176516,9.0,48.74553013950039,73.82207885000282
467,10,10,0,20,1.2366666666666668,2.5641025641025643,0.5657643919176516,9.0,46.819734066248245,63.169190192167434
468,10,10,0,20,1.2366666666666668,2.55863539445629,0.5657643919176516,14.0,49.02490154036883,73.0436520670383
469,10,10,0,20,1.2366666666666668,2.5531914893617023,0.5657643919176516,19.0,49.17710148977524,64.97583339873307
470,10,10,0,20,1.2366666666666668,2.5477707006369426,0.5657643919176516,24.0,51.68779101045303,65.13676607920122
471,10,10,0,20,1.2366666666666668,2.542372881355932,0.5657643919176516,29.0,53.588171594366614,65.32268603441375
472,10,10,0,20,1.2366666666666668,2.536997885835095,0.5657643919176516,34.0,55.97055942431268,67.2946658754755
473,10,10,0,20,1.2366666666666668,2.531645569620253,0.5657643919176516,39.0,56.38251229120375,67.16863318295209
474,10,10,0,20,1.2366666666666668,2.526315789473684,0.5657643919176516,44.0,54.87361145161528,66.77518634102208
475,10,10,0,20,1.2366666666666668,2.521008403361345,0.5657643919176516,45.54301523615024,55.582301120129046,66.61441170064418
476,10,10,0,20,1.2366666666666668,2.515723270440252,0.5657643919176516,46.79264908248072,56.24060551091338,66.68508634499874
477,10,10,0,20,1.2366666666666668,2.510460251046025,0.5657643919176516,43.79264908248072,56.65731470172121,67.86827649756192
478,10,10,0,20,1.2366666666666668,2.5052192066805845,0.5657643919176516,40.79264908248072,56.08396365842786,67.72768920432647
479,10,10,0,20,1.2366666666666668,2.5,0.5657643919176516,37.79264908248072,55.69455796123799,67.61911196462474
480,10,10,0,20,1.2366666666666668,2.494802494802495,0.5657643919176516,34.79264908248072,55.83345122953019,68.76411299262179
481,10,10,0,20,1.2366666666666668,2.4896265560165975,0.5657643919176516,33.56230477177198,55.6446000302807,68.91455700979002
482,10,10,0,20,1.2366666666666668,2.484472049689441,0.5657643919176516,30.562304771771977,56.98166159039615,80.75645845093226
483,10,10,0,20,1.2366666666666668,2.479338842975207,0.5657643919176516,27.562304771771977,56.75821037964405,80.83905347857117
484,10,10,0,20,1.2366666666666668,2.4742268041237114,0.5657643919176516,24.562304771771977,55.332206508464125,80.83041487934153
485,10,10,0,20,1.2366666666666668,2.4691358024691357,0.5657643919176516,21.562304771771977,54.41948539615453,80.8210568259987
486,10,10,0,20,1.2366666666666668,2.4640657084188913,0.5657643919176516,18.562304771771977,50.88496047975345,69.78406577630163
487,10,10,0,20,1.2366666666666668,2.4590163934426226,0.5657643919176516,15.562304771771977,49.351811455972154,69.73531058418489
488,10,10,0,20,1.2366666666666668,2.4539877300613497,0.5657643919176516,12.562304771771977,47.563189984124,69.67214958343887
489,10,10,0,20,1.2366666666666668,2.4489795918367343,0.5657643919176516,9.562304771771977,45.061482353946545,69.6117925625485
490,10,10,0,20,1.2366666666666668,2.443991853360489,0.5657643919176516,9.562304771771977,42.969050336061564,69.5637799137661
491,10,10,0,20,1.2366666666666668,2.4390243902439024,0.5657643919176516,14.562304771771977,41.35319283028155,69.4362835219159
492,10,10,0,20,1.2366666666666668,2.434077079107505,0.5657643919176516,19.562304771771977,39.64620420240042,69.2626270345812
493,10,10,0,20,1.2366666666666668,2.42914979757085,0.5657643919176516,19.79264908248072,37.981061063136394,69.43653012878315
494,10,10,0,20,1.2366666666666668,2.4242424242424243,0.5657643919176516,16.79264908248072,37.22805765759134,69.57703004396181
495,10,10,0,20,1.2366666666666668,2.4193548387096775,0.5657643919176516,13.792649082480722,36.361658345665475,69.67092545702259
496,10,10,0,20,1.2366666666666668,2.414486921529175,0.5657643919176516,15.165308670006425,35.568709842503814,69.86520613908124
497,10,10,0,20,1.2366666666666668,2.4096385542168672,0.5657643919176516,12.165308670006425,34.76214276671935,69.88479811394203
498,10,10,0,20,1.2366666666666668,2.4048096192384767,0.5657643919176516,9.5,34.64416268015354,70.05492029080344
499,10,10,0,21,1.2253968253968253,2.52,0.5653606737458806,9.5,34.275214919916735,70.06971955305424
500,10,10,0,21,1.2253968253968253,2.5149700598802394,0.5653606737458806,9.0,35.29352047617653,69.99315332367095
501,10,9,0,21,1.2253968253968253,2.50996015936255,0.5653606737458806,18.338813769263382,39.39710359244847,70.12333259122545
502,10,10,0,21,1.2253968253968253,2.5049701789264414,0.5653606737458806,15.0,36.80008971693719,70.31954101929993
503,10,10,0,21,1.2253968253968253,2.5,0.5653606737458806,12.338813769263382,37.074207055303795,70.22073257564956
504,10,10,0,21,1.2253968253968253,2.495049504950495,0.5653606737458806,9.5,37.31698872706222,70.20560182033509
505,10,10,0,22,1.1984848484848485,2.608695652173913,0.5676354503049874,9.460716274855642,38.690019932191106,70.08318373049268
506,10,10,0,22,1.1984848484848485,2.603550295857988,0.5676354503049874,9.460716274855642,40.13459559018008,70.26291355601366
507,10,10,0,22,1.1984848484848485,2.5984251968503935,0.5676354503049874,14.460716274855642,42.82106098296238,70.28721435614858
508,10,10,0,22,1.1984848484848485,2.593320235756385,0.5676354503049874,19.460716274855642,44.9463428153282,70.24266852776148
509,10,10,0,22,1.1984848484848485,2.588235294117647,0.5676354503049874,24.460716274855642,45.60875480602235,70.30609188720663
510,10,10,0,22,1.1984848484848485,2.583170254403131,0.5676354503049874,29.254225447671615,47.77108008342627,70.30581325454779
511,10,10,0,22,1.1984848484848485,2.578125,0.5676354503049874,26.254225447671615,48.05598700684675,70.18524638939498
512,10,10,0,22,1.1984848484848485,2.573099415204678,0.5676354503049874,23.254225447671615,50.488284620906754,70.42821151639345
513,10,10,0,22,1.1984848484848485,2.568093385214008,0.5676354503049874,20.254225447671615,50.95447608696506,70.4715390129655
514,10,10,0,22,1.1984848484848485,2.5631067961165046,0.5676354503049874,25.254225447671615,53.33518808495334,70.44834984267975
515,10,10,0,22,1.1984848484848485,2.558139534883721,0.5676354503049874,22.254225447671615,55.70108949451402,74.61651711085878
516,10,10,0,22,1.1984848484848485,2.5531914893617023,0.5676354503049874,27.254225447671615,55.597580273988264,74.47233729548009
517,10,10,0,22,1.1984848484848485,2.548262548262548,0.5676354503049874,32.254225447671615,55.49726887147766,74.4570668162145
518,10,10,0,22,1.1984848484848485,2.5433526011560694,0.5676354503049874,37.254225447671615,55.6319305655644,70.63355439222434
519,10,10,0,22,1.1984848484848485,2.5384615384615388,0.5676354503049874,34.254225447671615,54.49491310876853,70.66975932770497
520,10,10,0,22,1.1984848484848485,2.5335892514395395,0.5676354503049874,31.254225447671615,53.94433083584058,70.60264134538541
521,10,10,0,22,1.1984848484848485,2.528735632183908,0.5676354503049874,28.254225447671615,50.97472676467958,70.44495654597009
522,10,10,0,22,1.1984848484848485,2.523900573613767,0.5676354503049874,25.254225447671615,50.406796650660525,70.40599790155858
523,10,10,0,22,1.1984848484848485,2.519083969465649,0.5676354503049874,22.254225447671615,49.40043238411844,70.24813788008302
524,10,10,0,22,1.1984848484848485,2.5142857142857142,0.5676354503049874,19.254225447671615,48.00821523321575,70.28989176785889
525,10,10,0,22,1.1984848484848485,2.509505703422053,0.5676354503049874,16.254225447671615,48.65261980384412,69.21405653266969
526,10,10,0,22,1.1984848484848485,2.504743833017078,0.5676354503049874,13.254225447671615,48.3029756270274,69.36673061077384
527,10,10,0,22,1.1984848484848485,2.5,0.5676354503049874,10.254225447671615,47.037929390968145,66.36673061077384
528,10,9,0,22,1.1984848484848485,2.4952741020793954,0.5676354503049874,16.064664517844705,51.902578124554665,66.36502277972832
529,10,10,0,22,1.1984848484848485,2.490566037735849,0.5676354503049874,13.064664517844705,46.74634489709022,66.26515041791745
530,10,10,0,22,1.1984848484848485,2.4858757062146895,0.5676354503049874,10.064664517844705,44.50253976222218,66.23190100328601
531,10,10,0,23,1.1927536231884057,2.5939849624060147,0.5589134125636672,10.064664517844705,47.869168714099054,78.0639662593383
532,10,10,0,23,1.1927536231884057,2.5891181988742966,0.5589134125636672,15.064664517844705,49.66702885605157,78.07448915451029
533,10,10,0,23,1.1927536231884057,2.5842696629213484,0.5589134125636672,20.064664517844705,50.292001899791636,78.24925480606139
534,10,10,0,23,1.1927536231884057,2.579439252336449,0.5589134125636672,25.064664517844705,50.63631826912795,78.13965227167517
535,10,10,0,23,1.1927536231884057,2.574626865671642,0.5589134125636672,29.79264908248072,48.900983508053024,70.20124788991872
536,10,10,0,23,1.1927536231884057,2.569832402234637,0.5589134125636672,34.79264908248072,50.23491525702009,71.35565413581124
537,10,10,0,23,1.1927536231884057,2.5650557620817844,0.5589134125636672,31.79264908248072,50.12345780814191,72.58983371845451
538,10,10,0,23,1.1927536231884057,2.560296846011132,0.5589134125636672,28.79264908248072,49.16473664303558,72.47724704143212
539,10,10,0,23,1.1927536231884057,2.5555555555555554,0.5589134125636672,25.79264908248072,49.37687349137788,72.4561420659784
540,10,10,0,23,1.1927536231884057,2.5508317929759703,0.5589134125636672,22.79264908248072,49.18069088138134,71.33042370222762
541,10,10,0,23,1.1927536231884057,2.5461254612546127,0.5589134125636672,19.79264908248072,48.79548722618436,71.4048126256321
542,10,10,0,23,1.1927536231884057,2.541436464088398,0.5589134125636672,16.79264908248072,48.29544417672887,72.03526827020937
543,10,10,0,23,1.1927536231884057,2.5367647058823533,0.5589134125636672,13.792649082480722,48.73904481260339,82.32059743493866
544,10,10,0,23,1.1927536231884057,2.532110091743119,0.5589134125636672,10.792649082480722,47.029834661528824,82.14967335907035
545,10,9,0,23,1.1927536231884057,2.527472527472528,0.5589134125636672,10.15376712177114,49.57922524081987,82.18138011033705
546,10,10,0,24,1.1819444444444445,2.6325411334552102,0.5538561666124309,10.15376712177114,45.014441701463376,82.04100780687868
547,10,10,0,24,1.1819444444444445,2.6277372262773726,0.5538561666124309,15.15376712177114,44.627756518124066,82.18025890041386
548,10,10,0,24,1.1819444444444445,2.622950819672131,0.5538561666124309,20.15376712177114,45.14027869599325,82.14558055303539
549,10,10,0,24,1.1819444444444445,2.618181818181818,0.5538561666124309,20.978127649044893,42.77235764525497,69.1258081847592
550,10,10,0,24,1.1819444444444445,2.613430127041742,0.5538561666124309,17.978127649044893,43.47301601076492,69.24245185245857
551,10,10,0,24,1.1819444444444445,2.608695652173913,0.5538561666124309,14.978127649044893,43.29346852078758,69.4315402342028
552,10,10,0,24,1.1819444444444445,2.603978300180832,0.5538561666124309,11.978127649044893,43.25872347319558,69.28631990333045
553,10,10,0,24,1.1819444444444445,2.5992779783393503,0.5538561666124309,9.0,43.76408382739097,66.28631990333045
554,10,9,0,24,1.1819444444444445,2.5945945945945947,0.5538561666124309,21.16045943322287,47.36685171192099,63.28631990333045
555,10,10,0,24,1.1819444444444445,2.589928057553957,0.5538561666124309,15.0,44.40381787111218,61.098086283172606
556,10,10,0,24,1.1819444444444445,2.5852782764811493,0.5538561666124309,20.0,45.01040626643017,61.1671813946556
557,10,10,0,24,1.1819444444444445,2.580645161290323,0.5538561666124309,17.490134023259216,45.22408769663254,61.917727595967534
558,10,10,0,24,1.1819444444444445,2.5760286225402504,0.5538561666124309,14.490134023259216,44.68255063723175,62.15616735563444
559,10,10,0,24,1.1819444444444445,2.5714285714285716,0.5538561666124309,11.490134023259216,44.06286182126036,62.42615179608384
560,10,10,0,24,1.1819444444444445,2.5668449197860963,0.5538561666124309,9.5,43.24526447095103,62.479153803929194
561,10,10,0,25,1.176,2.6690391459074734,0.5479962721342032,9.5,42.662068394852,62.568609464182074
562,10,10,0,25,1.176,2.664298401420959,0.5479962721342032,12.374594708263828,42.857972274953276,62.498151801150456
563,10,10,0,25,1.176,2.6595744680851063,0.5479962721342032,9.374594708263828,43.1211724762717,63.369834471278054
564,10,8,0,25,1.176,2.6548672566371683,0.5479962721342032,24.5,51.86958649985638,65.16348964862398
565,10,10,0,25,1.176,2.65017667844523,0.5479962721342032,15.0,45.482697574849624,68.09108441006586
566,10,10,0,25,1.176,2.6455026455026456,0.5479962721342032,20.0,48.63491034780889,75.10809229635146
567,10,10,0,25,1.176,2.640845070422535,0.5479962721342032,24.28631990333045,49.870144819275964,75.13674472135104
568,10,10,0,25,1.176,2.6362038664323375,0.5479962721342032,21.28631990333045,48.910977461567285,70.42154424337458
569,10,10,0,25,1.176,2.631578947368421,0.5479962721342032,18.28631990333045,51.86529635108095,75.18450494234166
570,10,10,0,25,1.176,2.626970227670753,0.5479962721342032,15.286319903330451,52.8063392601774,75.0292692622357
571,10,10,0,25,1.176,2.622377622377622,0.5479962721342032,12.286319903330451,53.35884919818716,74.00252273029189
572,10,10,0,25,1.176,2.6178010471204187,0.5479962721342032,9.286319903330451,54.285817931072735,74.13985681076693
573,10,10,0,25,1.176,2.613240418118467,0.5479962721342032,9.286319903330451,55.02833799653788,73.0535592116644
574,10,10,0,25,1.176,2.608695652173913,0.5479962721342032,14.286319903330451,57.348599438367785,76.99901905772369
575,10,10,0,25,1.176,2.6041666666666665,0.5479962721342032,19.28631990333045,57.26914853350621,76.98838974589152
576,10,10,0,25,1.176,2.5996533795493937,0.5479962721342032,24.28631990333045,57.37622082954383,77.96464478763286
577,10,10,0,25,1.176,2.5951557093425603,0.5479962721342032,29.28631990333045,57.64229236923061,77.87480213771227
578,10,10,0,25,1.176,2.5906735751295336,0.5479962721342032,26.997708724446795,55.88944773145852,77.73948865394422
579,10,10,0,25,1.176,2.586206896551724,0.5479962721342032,23.997708724446795,56.46877789017675,77.71136828813479
580,10,10,0,25,1.176,2.5817555938037864,0.5479962721342032,20.997708724446795,57.12672305472544,76.67902984579744
581,10,10,0,25,1.176,2.577319587628866,0.5479962721342032,17.997708724446795,58.777769788214144,79.95660071576317
582,10,10,0,25,1.176,2.5728987993138936,0.5479962721342032,14.997708724446795,59.14369720875386,80.1525185009432
583,10,10,0,25,1.176,2.5684931506849313,0.5479962721342032,11.997708724446795,59.34237942799558,80.19877910509658
584,10,10,0,25,1.176,2.5641025641025643,0.5479962721342032,9.0,57.020601082976796,76.67955637027406
585,10,10,0,25,1.176,2.559726962457338,0.5479962721342032,9.0,57.16699823517972,76.76964312759212
586,10,10,0,25,1.176,2.555366269165247,0.5479962721342032,14.0,57.4122554170249,76.91638361345068
587,10,10,0,25,1.176,2.5510204081632653,0.5479962721342032,19.0,58.391639944488055,79.47493562139101
588,10,10,0,25,1.176,2.5466893039049237,0.5479962721342032,24.0,57.931418007258515,79.55924705889358
589,10,10,0,25,1.176,2.542372881355932,0.5479962721342032,29.0,58.976758370871735,87.1355438024292
590,10,10,0,25,1.176,2.5380710659898478,0.5479962721342032,34.0,60.88983420636068,85.99151633557942
591,10,10,0,25,1.176,2.5337837837837838,0.5479962721342032,39.0,59.14925806969004,86.06986186732149
592,10,10,0,25,1.176,2.5295109612141653,0.5479962721342032,37.83960762734321,58.37761479756656,85.96887270549013
593,10,10,0,25,1.176,2.5252525252525255,0.5479962721342032,34.83960762734321,55.912552205192654,81.65566218060802
594,10,10,0,25,1.176,2.521008403361345,0.5479962721342032,31.839607627343213,62.10545654259861,81.58883453863675
595,10,10,0,25,1.176,2.516778523489933,0.5479962721342032,28.839607627343213,57.276980240509616,82.21220621297222
596,10,10,0,25,1.176,2.512562814070352,0.5479962721342032,25.839607627343213,56.719517549567755,82.34831399710164
597,10,10,0,25,1.176,2.508361204013378,0.5479962721342032,22.839607627343213,57.005926476708986,82.44317916652646
598,10,10,0,25,1.176,2.5041736227045073,0.5479962721342032,19.839607627343213,55.97893370953019,82.60034606438555
599,10,10,0,25,1.176,2.5,0.5479962721342032,16.839607627343213,54.128369760705745,82.64393244373834
600,10,10,0,25,1.176,2.4958402662229617,0.5479962721342032,13.839607627343213,53.88968421685918,82.70736720586672
601,10,10,0,25,1.176,2.4916943521594686,0.5479962721342032,10.839607627343213,52.318660329022805,82.61120161334435
602,10,10,0,25,1.176,2.487562189054726,0.5479962721342032,9.0,51.644590457177436,82.73311680371125
603,10,10,0,25,1.176,2.4834437086092715,0.5479962721342032,9.0,51.744538820119246,82.53415852378664
604,10,10,0,25,1.176,2.479338842975207,0.5479962721342032,14.0,51.041740751077874,82.56580156521875
605,10,10,0,25,1.176,2.4752475247524752,0.5479962721342032,19.0,50.2179562416646,82.37739172189173
606,10,10,0,25,1.176,2.471169686985173,0.5479962721342032,16.916383613450677,48.90071125091198,82.46852121721417
607,10,10,0,25,1.176,2.4671052631578947,0.5479962721342032,13.916383613450677,48.226726597359615,82.60033194520571
608,10,10,0,25,1.176,2.4630541871921183,0.5479962721342032,10.916383613450677,48.40969764548568,82.61547676709365
609,10,10,0,25,1.176,2.4590163934426226,0.5479962721342032,9.5,48.23768247373082,82.56909841876082
610,10,10,0,26,1.1974358974358974,2.5531914893617023,0.5505452402004126,9.5,49.17939463480184,82.64296561575469
611,10,10,0,26,1.1974358974358974,2.5490196078431375,0.5505452402004126,14.5,49.01308830622555,82.73289568059572
612,10,10,0,26,1.1974358974358974,2.544861337683524,0.5505452402004126,19.5,51.89073890914345,82.702696953867
613,10,10,0,26,1.1974358974358974,2.54071661237785,0.5505452402004126,16.663426424315603,51.4646421993225,82.73926728146374
614,10,10,0,26,1.1974358974358974,2.5365853658536586,0.5505452402004126,13.663426424315603,48.17077145858879,82.80082752989414
615,10,10,0,26,1.1974358974358974,2.5324675324675323,0.5505452402004126,10.663426424315603,47.233082514682295,82.60806094061768
616,10,10,0,26,1.1974358974358974,2.5283630470016205,0.5505452402004126,9.5,49.211351453746104,82.56744098400918
617,10,10,0,27,1.180246913580247,2.621359223300971,0.5447293447293448,9.5,48.45515886170129,82.70579779497368
618,10,10,0,27,1.180246913580247,2.6171243941841684,0.5447293447293448,14.5,49.04504181019998,82.7578598662667
619,10,10,0,27,1.180246913580247,2.6129032258064515,0.5447293447293448,17.427610897353546,48.72879788143031,82.70382543662872
620,10,10,0,27,1.180246913580247,2.608695652173913,0.5447293447293448,14.427610897353546,48.1570454368384,82.84737804545466
621,10,10,0,27,1.180246913580247,2.604501607717042,0.5447293447293448,11.427610897353546,47.4372791599918,82.76498626520291
622,10,10,0,27,1.180246913580247,2.600321027287319,0.5447293447293448,9.0,46.80534943577187,82.82322530352752
623,10,10,0,27,1.180246913580247,2.5961538461538463,0.5447293447293448,12.758486621585675,46.382932892776395,82.79687117811133
624,10,10,0,27,1.180246913580247,2.592,0.5447293447293448,9.758486621585675,45.43410512341588,82.82447394517003
625,10,10,0,27,1.180246913580247,2.587859424920128,0.5447293447293448,9.0,44.776334009625124,82.92313931832166
626,10,9,0,27,1.180246913580247,2.583732057416268,0.5447293447293448,9.0,49.593111763355246,82.9239002442345
627,10,10,0,27,1.180246913580247,2.579617834394904,0.5447293447293448,9.0,48.74807476332867,82.8105498269151
628,10,10,0,27,1.180246913580247,2.575516693163752,0.5447293447293448,14.0,50.180002767023815,82.89848482546704
629,10,10,0,27,1.180246913580247,2.5714285714285716,0.5447293447293448,19.0,50.99989604823736,83.05265616161365
630,10,10,0,27,1.180246913580247,2.5673534072900157,0.5447293447293448,24.0,52.05053686908669,82.97877801175268
631,10,10,0,27,1.180246913580247,2.5632911392405062,0.5447293447293448,29.0,53.09519394293451,82.99474670556569
632,10,10,0,27,1.180246913580247,2.5592417061611377,0.5447293447293448,34.0,54.256853467126895,82.82208945397139
633,10,10,0,27,1.180246913580247,2.555205047318612,0.5447293447293448,35.673172827163,52.9957068896588,82.67546081254402
634,10,10,0,27,1.180246913580247,2.5511811023622046,0.5447293447293448,32.673172827163,53.565173025096364,82.72427112273296
635,10,10,0,27,1.180246913580247,2.5471698113207544,0.5447293447293448,29.673172827163,54.805169855346705,82.86710727636225
636,10,10,0,27,1.180246913580247,2.5431711145996863,0.5447293447293448,26.673172827163,55.049022075385984,84.8376683457422
637,10,10,0,27,1.180246913580247,2.539184952978056,0.5447293447293448,23.673172827163,54.71205741147621,84.86516003654292
638,10,10,0,27,1.180246913580247,2.535211267605634,0.5447293447293448,20.673172827163,55.2241656141526,84.90126677442422
639,10,10,0,27,1.180246913580247,2.53125,0.5447293447293448,17.673172827163,56.42390660186588,84.98318051811862
640,10,10,0,27,1.180246913580247,2.527301092043682,0.5447293447293448,14.673172827163,52.837028221800736,85.0077212294761
641,10,10,0,27,1.180246913580247,2.5233644859813085,0.5447293447293448,11.673172827163,54.31769861554778,85.16984541802039
642,10,10,0,27,1.180246913580247,2.5194401244167963,0.5447293447293448,9.0,52.2242569235539,77.66086525326207
643,10,10,0,27,1.180246913580247,2.515527950310559,0.5447293447293448,9.0,50.05908055468444,74.77216599091014
644,10,10,0,27,1.180246913580247,2.511627906976744,0.5447293447293448,14.0,49.49707455391855,74.64918266214356
645,10,10,0,27,1.180246913580247,2.507739938080495,0.5447293447293448,17.10153154926749,48.39219604902271,77.67411363803664
646,10,10,0,27,1.180246913580247,2.5038639876352398,0.5447293447293448,14.101531549267492,48.51880730099991,77.73025979264261
647,10,10,0,27,1.180246913580247,2.5,0.5447293447293448,11.101531549267492,48.16385024657895,77.65119923827875
648,10,9,0,27,1.180246913580247,2.4961479198767336,0.5447293447293448,24.84274149181148,51.38552500267758,77.50249115270972
649,10,10,0,27,1.180246913580247,2.4923076923076923,0.5447293447293448,15.0,47.45707306861949,77.52169995308086
650,10,10,0,27,1.180246913580247,2.488479262672811,0.5447293447293448,18.84274149181148,48.96417764924994,77.96463722930291
651,10,10,0,27,1.180246913580247,2.4846625766871164,0.5447293447293448,15.84274149181148,51.20059782151661,78.41718172251991
652,10,10,0,27,1.180246913580247,2.4808575803981623,0.5447293447293448,12.84274149181148,49.05773467948923,81.97292622281567
653,10,10,0,27,1.180246913580247,2.4770642201834865,0.5447293447293448,9.84274149181148,48.553411055009995,82.095466234377
654,10,10,0,28,1.1791666666666667,2.564885496183206,0.5310991957104557,9.84274149181148,48.255771206834176,82.15050379376379
655,10,10,0,28,1.1791666666666667,2.5609756097560976,0.5310991957104557,14.513020198838475,49.30799622077437,81.31221647746892
656,10,10,0,28,1.1791666666666667,2.557077625570776,0.5310991957104557,11.513020198838475,49.28958276387645,81.32343577273491
657,10,10,0,28,1.1791666666666667,2.5531914893617023,0.5310991957104557,16.513020198838475,51.88015250806128,81.31410517124387
658,10,10,0,28,1.1791666666666667,2.5493171471927165,0.5310991957104557,21.513020198838475,52.772947427389646,81.40692792377872
659,10,10,0,28,1.1791666666666667,2.5454545454545454,0.5310991957104557,18.513020198838475,52.26811228056166,81.37092419838261
660,10,10,0,28,1.1791666666666667,2.5416036308623298,0.5310991957104557,15.513020198838475,51.59594259529681,79.55268385280147
661,10,10,0,28,1.1791666666666667,2.5377643504531724,0.5310991957104557,20.513020198838475,49.17825921183353,75.44825945434185
662,10,10,0,28,1.1791666666666667,2.5339366515837107,0.5310991957104557,25.513020198838475,50.54703891821258,72.44825945434185
663,10,10,0,28,1.1791666666666667,2.5301204819277108,0.5310991957104557,22.513020198838475,49.96800081151141,69.44825945434185
664,10,10,0,28,1.1791666666666667,2.526315789473684,0.5310991957104557,19.513020198838475,48.452513329165825,66.44825945434185
665,10,10,0,28,1.1791666666666667,2.5225225225225225,0.5310991957104557,16.513020198838475,47.8334427973758,63.44825945434185
666,10,10,0,28,1.1791666666666667,2.5187406296851576,0.5310991957104557,13.513020198838475,46.711053117917565,62.41960814097352
667,10,10,0,28,1.1791666666666667,2.5149700598802394,0.5310991957104557,10.513020198838475,45.22288879156449,65.53922578634534
668,10,9,0,28,1.1791666666666667,2.5112107623318387,0.5310991957104557,17.382696605550805,48.765353171015704,66.7132300782925
669,10,10,0,28,1.1791666666666667,2.5074626865671643,0.5310991957104557,14.382696605550805,44.300155445508075,68.87211184110726
670,10,10,0,28,1.1791666666666667,2.5037257824143073,0.5310991957104557,11.382696605550805,46.098955990345324,78.80315756713209
671,10,10,0,28,1.1791666666666667,2.5,0.5310991957104557,11.521699953080855,46.96402539636841,78.78871443145859
672,10,10,0,28,1.1791666666666667,2.4962852897473997,0.5310991957104557,9.5,47.88709230328742,81.72751512468578
673,10,10,0,29,1.1660919540229886,2.5816023738872405,0.5283854166666667,9.5,48.24039917420468,84.65464402125771
674,10,10,0,29,1.1660919540229886,2.5777777777777775,0.5283854166666667,9.0,48.94650615003123,84.70539721794842
675,10,9,0,29,1.1660919540229886,2.5739644970414197,0.5283854166666667,19.5,51.97935520078087,76.4520061247637
676,10,9,0,29,1.1660919540229886,2.570162481536189,0.5283854166666667,24.5,55.371246011860734,87.24708728228701
677,10,9,0,29,1.1660919540229886,2.566371681415929,0.5283854166666667,27.44825945434185,56.2095294418508,87.19888380531746
678,10,9,0,29,1.1660919540229886,2.56259204712813,0.5283854166666667,24.44825945434185,56.21356437398406,87.1853046735656
679,10,9,0,29,1.1660919540229886,2.558823529411765,0.5283854166666667,21.44825945434185,54.574796355836696,86.25834859169996
680,10,9,0,29,1.1660919540229886,2.555066079295154,0.5283854166666667,18.44825945434185,55.29959843338717,83.5212883180636
681,10,9,0,29,1.1660919540229886,2.5513196480938416,0.5283854166666667,15.448259454341851,56.48941331441038,86.44552468441924
682,10,9,0,29,1.1660919540229886,2.547584187408492,0.5283854166666667,12.448259454341851,56.12157549175043,86.5061062871014
683,10,9,0,29,1.1660919540229886,2.543859649122807,0.5283854166666667,9.5,51.55499153477852,82.37102221737337
684,10,9,0,30,1.172222222222222,2.6277372262773726,0.5259222333000997,9.5,49.331645399314944,75.54920878250469
685,10,9,0,30,1.172222222222222,2.6239067055393583,0.5259222333000997,14.5,50.91687504243738,82.54316323203795
686,10,9,0,30,1.172222222222222,2.6200873362445414,0.5259222333000997,19.5,51.14576571226419,82.64799795922596
687,10,9,0,30,1.172222222222222,2.616279069767442,0.5259222333000997,24.5,51.14468872482522,81.63782145580127
688,10,9,0,30,1.172222222222222,2.6124818577648767,0.5259222333000997,23.32089143845549,50.66325360007609,81.54865630582256
689,10,9,0,30,1.172222222222222,2.608695652173913,0.5259222333000997,20.32089143845549,48.91777517525673,75.52132730710268
690,10,9,0,30,1.172222222222222,2.6049204052098407,0.5259222333000997,17.32089143845549,48.43391786367003,75.32541849396974
691,10,9,0,30,1.172222222222222,2.601156069364162,0.5259222333000997,14.32089143845549,49.104240665563424,86.28560092034515
692,10,9,0,30,1.172222222222222,2.5974025974025974,0.5259222333000997,11.32089143845549,48.48339969964805,76.11139943313049
693,10,9,0,30,1.172222222222222,2.5936599423631126,0.5259222333000997,9.5,48.55497667664692,77.42982476944698
694,10,9,0,31,1.1704301075268817,2.6762589928057556,0.517717003567182,9.5,49.68785928709047,77.34087967342258
695,10,9,0,31,1.1704301075268817,2.6724137931034484,0.517717003567182,10.924982155248742,50.08229626830165,77.45246001251121
696,10,9,0,31,1.1704301075268817,2.6685796269727406,0.517717003567182,9.5,50.39107495995006,76.52656444176218
697,10,9,0,32,1.1619791666666666,2.7507163323782233,0.5104095172729353,9.5,45.96113735224821,76.40544716278177
698,10,9,0,32,1.1619791666666666,2.7467811158798283,0.5104095172729353,9.0,49.20662395169805,77.33808355339406
699,10,8,0,32,1.1619791666666666,2.742857142857143,0.5104095172729353,19.5,55.02995994397724,77.47092516444314
700,10,8,0,32,1.1619791666666666,2.738944365192582,0.5104095172729353,24.5,55.870720898613946,77.61744265697838
701,10,8,0,32,1.1619791666666666,2.735042735042735,0.5104095172729353,29.5,57.69871973245462,77.47752318050495
702,10,8,0,32,1.1619791666666666,2.7311522048364156,0.5104095172729353,34.5,58.46384222443397,77.42048598489748
703,10,8,0,32,1.1619791666666666,2.7272727272727275,0.5104095172729353,39.5,60.03035620045644,81.22328826469088
704,10,8,0,32,1.1619791666666666,2.7234042553191493,0.5104095172729353,44.5,60.74797832479533,84.06166900107608
705,10,8,0,32,1.1619791666666666,2.7195467422096318,0.5104095172729353,49.4444345375603,60.509581790760755,84.15185311069752
706,10,8,0,32,1.1619791666666666,2.7157001414427158,0.5104095172729353,51.09486319799369,60.49202321009168,84.2749285810696
707,10,8,0,32,1.1619791666666666,2.711864406779661,0.5104095172729353,48.09486319799369,59.98568545277019,84.13029339398872
708,10,8,0,32,1.1619791666666666,2.708039492242595,0.5104095172729353,45.09486319799369,58.597064595459535,84.02159020443767
709,10,8,0,32,1.1619791666666666,2.704225352112676,0.5104095172729353,42.09486319799369,54.47155292280524,72.8194340379858
710,10,8,0,32,1.1619791666666666,2.70042194092827,0.5104095172729353,39.09486319799369,54.285166859394955,72.85865905072731
711,10,8,0,32,1.1619791666666666,2.696629213483146,0.5104095172729353,36.09486319799369,53.77832615284383,72.6888073551886
712,10,8,0,32,1.1619791666666666,2.6928471248246844,0.5104095172729353,33.09486319799369,52.854814981862184,69.6888073551886
713,10,8,0,32,1.1619791666666666,2.689075630252101,0.5104095172729353,30.09486319799369,52.944402811437044,66.6888073551886
714,10,8,0,32,1.1619791666666666,2.6853146853146854,0.5104095172729353,27.09486319799369,51.40358269130448,64.03144230268629
715,10,8,0,32,1.1619791666666666,2.681564245810056,0.5104095172729353,24.09486319799369,51.02294345517032,63.94427525805462
716,10,8,0,32,1.1619791666666666,2.6778242677824267,0.5104095172729353,21.09486319799369,49.4681675598918,63.7703790184476
717,10,8,0,32,1.1619791666666666,2.6740947075208914,0.5104095172729353,18.09486319799369,48.0058330711169,63.91385863027867
718,10,8,0,32,1.1619791666666666,2.6703755215577187,0.5104095172729353,15.09486319799369,46.1387685295905,63.81559875157127
719,10,8,0,32,1.1619791666666666,2.666666666666667,0.5104095172729353,12.09486319799369,45.185852408520084,63.952481999731205
720,10,8,0,32,1.1619791666666666,2.662968099861304,0.5104095172729353,9.09486319799369,43.7014135320165,64.05594027115758
721,10,8,0,32,1.1619791666666666,2.6592797783933517,0.5104095172729353,9.09486319799369,42.17121022553056,64.00036385663476
722,10,8,0,32,1.1619791666666666,2.6556016597510377,0.5104095172729353,14.09486319799369,41.27306635920124,64.00895547260586
723,10,8,0,32,1.1619791666666666,2.6519337016574585,0.5104095172729353,16.078543083397577,41.35575180994971,63.86741180733776
724,10,8,0,32,1.1619791666666666,2.6482758620689655,0.5104095172729353,13.078543083397577,42.50439051741416,64.03614723184604
725,10,8,0,32,1.1619791666666666,2.644628099173554,0.5104095172729353,18.078543083397577,43.34033069617702,64.07730425395668
726,10,8,0,32,1.1619791666666666,2.640990371389271,0.5104095172729353,23.078543083397577,43.34009260078821,64.09703120590892
727,10,8,0,32,1.1619791666666666,2.6373626373626378,0.5104095172729353,24.6888073551886,43.46650918113124,64.20024526400981
728,10,8,0,32,1.1619791666666666,2.633744855967078,0.5104095172729353,21.6888073551886,44.22296821739529,64.14344888581164
729,10,8,0,32,1.1619791666666666,2.6301369863013697,0.5104095172729353,18.6888073551886,43.99749565114363,64.2009196898887
730,10,8,0,32,1.1619791666666666,2.6265389876880985,0.5104095172729353,15.688807355188601,43.98582667586696,64.36201048991522
731,10,8,0,32,1.1619791666666666,2.622950819672131,0.5104095172729353,12.688807355188601,44.1204613492582,64.43269386733395
732,10,8,0,32,1.1619791666666666,2.6193724420191,0.5104095172729353,9.688807355188601,43.25566640549668,64.44220429164338
733,10,8,0,32,1.1619791666666666,2.6158038147138964,0.5104095172729353,9.688807355188601,42.63703270711036,64.51063390766618
734,10,8,0,32,1.1619791666666666,2.6122448979591835,0.5104095172729353,11.610178051697034,45.64888772608696,72.3939065137625
735,10,8,0,32,1.1619791666666666,2.608695652173913,0.5104095172729353,9.0,44.95847266129222,71.96371566395449
736,10,7,0,32,1.1619791666666666,2.6051560379918586,0.5104095172729353,24.6888073551886,51.36971684968382,71.75876773274669
737,10,7,0,32,1.1619791666666666,2.6016260162601625,0.5104095172729353,29.6888073551886,52.151332023440354,71.80466834995357
738,10,7,0,32,1.1619791666666666,2.598105548037889,0.5104095172729353,32.27804227848931,48.74565637208391,64.45554132482982
739,10,7,0,32,1.1619791666666666,2.5945945945945947,0.5104095172729353,29.27804227848931,49.276404930942064,64.4745831619024
740,10,7,0,32,1.1619791666666666,2.591093117408907,0.5104095172729353,26.27804227848931,49.592103212759646,64.28658263698999
741,10,7,0,32,1.1619791666666666,2.587601078167116,0.5104095172729353,23.27804227848931,49.813817721708446,64.46597522233355
742,10,7,0,32,1.1619791666666666,2.5841184387617764,0.5104095172729353,28.27804227848931,50.584677377704466,64.65831961689163
743,10,7,0,32,1.1619791666666666,2.580645161290323,0.5104095172729353,25.27804227848931,51.51758634436553,61.65831961689163
744,10,7,0,32,1.1619791666666666,2.577181208053691,0.5104095172729353,22.27804227848931,51.50654454414706,62.79172270499248
745,10,7,0,32,1.1619791666666666,2.5737265415549597,0.5104095172729353,19.27804227848931,52.10073328390956,64.77757477941616
746,10,7,0,32,1.1619791666666666,2.570281124497992,0.5104095172729353,16.27804227848931,51.20594663760422,68.31200093653081
747,10,7,0,32,1.1619791666666666,2.5668449197860963,0.5104095172729353,13.278042278489309,52.841627709524495,69.19780911621639
748,10,7,0,32,1.1619791666666666,2.5634178905206944,0.5104095172729353,18.27804227848931,54.252863329762384,71.10768224144455
749,10,7,0,32,1.1619791666666666,2.56,0.5104095172729353,15.278042278489309,53.532370659048624,70.95310329261982
750,10,7,0,32,1.1619791666666666,2.55659121171771,0.5104095172729353,12.278042278489309,52.047175883312214,70.89201806635154
751,10,6,0,32,1.1619791666666666,2.5531914893617023,0.5104095172729353,48.30109559266256,57.645024387400326,71.08044198551876
752,10,6,0,32,1.1619791666666666,2.549800796812749,0.5104095172729353,45.30109559266256,58.163423102151775,81.10233627156887
753,10,6,0,32,1.1619791666666666,2.546419098143236,0.5104095172729353,42.30109559266256,57.16484298604359,80.91129437696223
754,10,6,0,32,1.1619791666666666,2.543046357615894,0.5104095172729353,39.30109559266256,56.11211532000369,80.83763457424854
755,10,6,0,32,1.1619791666666666,2.5396825396825395,0.5104095172729353,36.30109559266256,55.069377790371895,80.72432799911552
756,10,6,0,32,1.1619791666666666,2.536327608982827,0.5104095172729353,35.33687211600109,55.368855171941185,81.61489138683736
757,10,6,0,32,1.1619791666666666,2.5329815303430077,0.5104095172729353,32.33687211600109,52.93178524145475,71.4956032948516
758,10,6,0,32,1.1619791666666666,2.5296442687747036,0.5104095172729353,29.33687211600109,52.10991984577322,72.57949238977477
759,10,6,0,32,1.1619791666666666,2.526315789473684,0.5104095172729353,26.33687211600109,52.640592238056705,72.77186412697444
760,10,6,0,32,1.1619791666666666,2.5229960578186597,0.5104095172729353,23.33687211600109,54.46315226203536,81.62250425003651
761,10,6,0,32,1.1619791666666666,2.5196850393700787,0.5104095172729353,20.33687211600109,54.76820939138893,81.70166493164999
762,10,6,0,32,1.1619791666666666,2.5163826998689385,0.5104095172729353,17.33687211600109,53.27696792226049,81.90001918244154
763,10,6,0,32,1.1619791666666666,2.513089005235602,0.5104095172729353,14.33687211600109,50.10107270745968,71.91150478453955
764,10,6,0,32,1.1619791666666666,2.5098039215686274,0.5104095172729353,11.33687211600109,48.60814954088741,71.9198893259544
765,10,6,0,32,1.1619791666666666,2.506527415143603,0.5104095172729353,16.33687211600109,48.47674405737178,71.95415529886752
766,10,6,0,32,1.1619791666666666,2.503259452411995,0.5104095172729353,13.33687211600109,46.97145239458947,72.03082107505504
767,10,6,0,32,1.1619791666666666,2.5,0.5104095172729353,10.33687211600109,45.13227664141012,70.09152227333567
768,10,6,0,32,1.1619791666666666,2.4967490247074124,0.5104095172729353,9.0,43.749796411715465,69.07090794910917
769,10,5,0,32,1.1619791666666666,2.4935064935064934,0.5104095172729353,26.159512527976162,52.082482596574025,82.1221843676377
770,10,5,0,32,1.1619791666666666,2.490272373540856,0.5104095172729353,23.159512527976162,50.86867974558097,82.11661119214624
771,10,5,0,32,1.1619791666666666,2.4870466321243523,0.5104095172729353,20.159512527976162,49.678776403840715,82.09791500716533
772,10,5,0,32,1.1619791666666666,2.4838292367399744,0.5104095172729353,17.159512527976162,45.456811459883646,67.07601521736107
773,10,5,0,32,1.1619791666666666,2.4806201550387597,0.5104095172729353,14.159512527976162,44.26607970998452,66.92332854961563
774,10,5,0,32,1.1619791666666666,2.47741935483871,0.5104095172729353,11.159512527976162,43.031789538314854,66.92203340211309
775,10,4,0,32,1.1619791666666666,2.4742268041237114,0.5104095172729353,15.089040396542472,49.536390955796655,63.926556107258335
776,10,4,0,32,1.1619791666666666,2.471042471042471,0.5104095172729353,12.089040396542472,47.286390955796655,60.926556107258335
777,10,4,0,32,1.1619791666666666,2.467866323907455,0.5104095172729353,9.5,45.85555172802096,60.79223959269804
778,10,4,0,33,1.1494949494949496,2.5417201540436456,0.5088307623518891,9.5,45.08048838225933,60.6919862096515
779,10,4,0,33,1.1494949494949496,2.5384615384615388,0.5088307623518891,14.5,44.83048838225933,57.6919862096515
780,10,4,0,33,1.1494949494949496,2.535211267605634,0.5088307623518891,19.5,44.58048838225933,55.207933917272726
781,10,4,0,33,1.1494949494949496,2.5319693094629154,0.5088307623518891,24.5,44.33048838225933,55.207933917272726
782,10,4,0,33,1.1494949494949496,2.528735632183908,0.5088307623518891,29.5,44.08048838225933,55.207933917272726
783,10,4,0,33,1.1494949494949496,2.5255102040816326,0.5088307623518891,34.5,43.83048838225933,55.207933917272726
784,10,4,0,33,1.1494949494949496,2.522292993630573,0.5088307623518891,36.92203340211309,43.58048838225933,55.207933917272726
785,10,4,0,33,1.1494949494949496,2.519083969465649,0.5088307623518891,33.92203340211309,43.33048838225933,55.207933917272726
786,10,4,0,33,1.1494949494949496,2.5158831003811946,0.5088307623518891,30.922033402113087,43.117299390288366,55.207933917272726
787,10,4,0,33,1.1494949494949496,2.512690355329949,0.5088307623518891,27.922033402113087,43.08578741017614,55.52119611166722
788,10,4,0,33,1.1494949494949496,2.509505703422053,0.5088307623518891,24.922033402113087,41.61743967637133,55.647805176448
789,10,4,0,33,1.1494949494949496,2.5063291139240507,0.5088307623518891,21.922033402113087,40.153787562702526,55.79319672177279
790,10,4,0,33,1.1494949494949496,2.5031605562579013,0.5088307623518891,18.922033402113087,38.68079857391443,55.90124076662042
791,10,4,0,33,1.1494949494949496,2.5,0.5088307623518891,15.922033402113087,36.923542743591554,55.207933917272726
792,10,4,0,33,1.1494949494949496,2.496847414880202,0.5088307623518891,12.922033402113087,37.50732781247556,55.207933917272726
793,10,4,0,33,1.1494949494949496,2.4937027707808563,0.5088307623518891,9.922033402113087,35.9717686993876,55.207933917272726
794,10,4,0,34,1.1514705882352942,2.5660377358490565,0.49872611464968153,9.922033402113087,35.18615133639195,55.207933917272726
795,10,4,0,34,1.1514705882352942,2.5628140703517586,0.49872611464968153,14.922033402113087,35.71750475688194,55.207933917272726
796,10,4,0,34,1.1514705882352942,2.559598494353827,0.49872611464968153,14.691986209651503,36.17556730620788,55.207933917272726
797,10,4,0,34,1.1514705882352942,2.556390977443609,0.49872611464968153,11.691986209651503,36.478808598425665,55.207933917272726
798,10,4,0,34,1.1514705882352942,2.5531914893617023,0.49872611464968153,9.0,37.551821775063644,56.07731978086875
799,10,3,0,34,1.1514705882352942,2.5500000000000003,0.49872611464968153,34.92203340211309,48.6976902510448,55.96310343374856
800,10,3,0,34,1.1514705882352942,2.546816479400749,0.49872611464968153,39.92203340211309,50.428926885815905,56.15681333806191
801,10,3,0,34,1.1514705882352942,2.543640897755611,0.49872611464968153,44.92203340211309,52.12433071143789,56.24302481492785
802,10,3,0,34,1.1514705882352942,2.5404732254047326,0.49872611464968153,49.76314051647269,53.68714998502676,56.09037552133486
803,10,3,0,34,1.1514705882352942,2.537313432835821,0.49872611464968153,53.09037552133486,54.02312531548242,55.207933917272726
804,10,3,0,34,1.1514705882352942,2.53416149068323,0.49872611464968153,52.02917195916146,54.70483219365182,56.87739070452129
805,10,3,0,34,1.1514705882352942,2.5310173697270475,0.49872611464968153,55.207933917272726,56.120163493326004,56.73936620396226
806,10,3,0,34,1.1514705882352942,2.5278810408921935,0.49872611464968153,55.207933917272726,56.14178066723061,56.66428549938722
807,10,3,0,34,1.1514705882352942,2.5247524752475248,0.49872611464968153,55.207933917272726,55.89823924235082,56.85533273908389
808,10,3,0,34,1.1514705882352942,2.5216316440049447,0.49872611464968153,53.85533273908389,54.908850806762494,55.66328576393087
809,10,3,0,34,1.1514705882352942,2.5185185185185186,0.49872611464968153,55.207933917272726,55.724111221352416,56.16020914205903
810,10,3,0,34,1.1514705882352942,2.5154130702836004,0.49872611464968153,55.207933917272726,55.84797309832195,56.35843658281955
811,10,3,0,34,1.1514705882352942,2.5123152709359604,0.49872611464968153,53.03865610803881,53.86834220271036,55.207933917272726
812,10,3,0,34,1.1514705882352942,2.5092250922509227,0.49872611464968153,50.35843658281955,54.54585123906196,58.07118321709362
813,10,3,0,34,1.1514705882352942,2.506142506142506,0.49872611464968153,47.35843658281955,53.554481136074,58.097072908129746
814,10,3,0,34,1.1514705882352942,2.503067484662577,0.49872611464968153,44.35843658281955,52.569924284438706,58.14340235322385
815,10,3,0,34,1.1514705882352942,2.5,0.49872611464968153,41.35843658281955,51.83115911697687,58.92710685083833
816,10,3,0,34,1.1514705882352942,2.4969400244798043,0.49872611464968153,38.35843658281955,50.86279315208757,59.02200895617044
817,10,3,0,34,1.1514705882352942,2.493887530562347,0.49872611464968153,35.35843658281955,49.85590715454941,59.001350963555964
818,10,3,0,34,1.1514705882352942,2.490842490842491,0.49872611464968153,32.35843658281955,48.86321040329386,59.0232607097893
819,10,3,0,34,1.1514705882352942,2.4878048780487805,0.49872611464968153,29.35843658281955,47.891203822611054,59.10724096774089
820,10,3,0,34,1.1514705882352942,2.484774665042631,0.49872611464968153,26.35843658281955,46.89180483111989,59.109043993267406
821,10,3,0,34,1.1514705882352942,2.4817518248175183,0.49872611464968153,31.35843658281955,48.51937855901067,58.99176517693971
822,10,3,0,34,1.1514705882352942,2.4787363304981778,0.49872611464968153,28.35843658281955,47.483292151500414,58.883505954408975
823,10,3,0,34,1.1514705882352942,2.475728155339806,0.49872611464968153,25.35843658281955,46.496923444243784,58.92439983263908
824,10,3,0,34,1.1514705882352942,2.4727272727272727,0.49872611464968153,22.35843658281955,45.51444586149923,58.976967084405416
825,10,3,0,34,1.1514705882352942,2.469733656174334,0.49872611464968153,19.35843658281955,44.49235559094215,58.91069627273417
826,10,3,0,34,1.1514705882352942,2.4667472793228535,0.49872611464968153,16.35843658281955,43.52418402946633,59.00618158830672
827,10,3,0,34,1.1514705882352942,2.4637681159420293,0.49872611464968153,21.35843658281955,45.1973510070793,59.02568252114561
828,10,3,0,34,1.1514705882352942,2.4607961399276235,0.49872611464968153,18.35843658281955,44.19221570544562,59.010276616244596
829,10,3,0,34,1.1514705882352942,2.4578313253012047,0.49872611464968153,15.35843658281955,42.83744896765304,57.94597640286682
830,10,3,0,34,1.1514705882352942,2.4548736462093865,0.49872611464968153,12.35843658281955,42.11460322071334,58.777439162047756
831,10,3,0,34,1.1514705882352942,2.451923076923077,0.49872611464968153,17.35843658281955,43.792473021933574,58.81104856570846
832,10,3,0,34,1.1514705882352942,2.4489795918367343,0.49872611464968153,14.35843658281955,42.784935640807795,58.78843642233112
833,10,3,0,34,1.1514705882352942,2.4460431654676262,0.49872611464968153,19.35843658281955,44.49942282945969,58.93189798828679
834,10,3,0,34,1.1514705882352942,2.44311377245509,0.49872611464968153,16.35843658281955,43.54018023474034,59.05417020412875
835,10,3,0,34,1.1514705882352942,2.4401913875598082,0.49872611464968153,13.35843658281955,42.560409654314554,59.11485846285139
836,10,3,0,34,1.1514705882352942,2.4372759856630823,0.49872611464968153,10.35843658281955,41.52432581487342,59.00660694452799
837,10,3,0,34,1.1514705882352942,2.43436754176611,0.49872611464968153,15.35843658281955,43.20629140441515,59.05250371315317
838,10,3,0,34,1.1514705882352942,2.4314660309892733,0.49872611464968153,12.35843658281955,42.20410249892056,59.04593699666941
839,10,3,0,34,1.1514705882352942,2.428571428571429,0.49872611464968153,9.35843658281955,40.842442851865094,57.96095805550301
840,10,2,0,34,1.1514705882352942,2.4256837098692032,0.49872611464968153,55.207933917272726,56.99988861375637,58.79184331024001
841,10,2,0,34,1.1514705882352942,2.4228028503562946,0.49872611464968153,55.207933917272726,57.084826726116276,58.961719534959826
842,10,2,0,34,1.1514705882352942,2.419928825622776,0.49872611464968153,55.207933917272726,56.594365547348396,57.980797177424066
843,10,2,0,34,1.1514705882352942,2.4170616113744074,0.49872611464968153,55.207933917272726,56.6221863361895,58.036438755106275
844,10,2,0,34,1.1514705882352942,2.4142011834319526,0.49872611464968153,55.207933917272726,56.62508429380802,58.04223467034332
845,10,2,0,34,1.1514705882352942,2.411347517730497,0.49872611464968153,55.207933917272726,56.655135220291946,58.102336523311166
846,10,2,0,34,1.1514705882352942,2.408500590318772,0.49872611464968153,55.207933917272726,56.75018561838144,58.29243731949015
847,10,2,0,34,1.1514705882352942,2.4056603773584904,0.49872611464968153,55.207933917272726,56.76903032099787,58.330126724723016
848,10,2,0,34,1.1514705882352942,2.402826855123675,0.49872611464968153,55.207933917272726,56.835842406946675,58.463750896620624
849,10,2,0,34,1.1514705882352942,2.4,0.49872611464968153,55.207933917272726,56.93115923438469,58.65438455149665
850,10,2,0,34,1.1514705882352942,2.397179788484136,0.49872611464968153,55.207933917272726,55.43115923438469,55.65438455149665
851,10,2,0,34,1.1514705882352942,2.3943661971830985,0.49872611464968153,52.65438455149665,53.93115923438469,55.207933917272726
852,10,2,0,34,1.1514705882352942,2.3915592028135992,0.49872611464968153,49.65438455149665,52.43115923438469,55.207933917272726
853,10,2,0,34,1.1514705882352942,2.388758782201405,0.49872611464968153,46.65438455149665,50.93115923438469,55.207933917272726
854,10,2,0,34,1.1514705882352942,2.385964912280702,0.49872611464968153,43.65438455149665,49.43115923438469,55.207933917272726
855,10,2,0,34,1.1514705882352942,2.3831775700934577,0.49872611464968153,40.65438455149665,47.93115923438469,55.207933917272726
856,10,2,0,34,1.1514705882352942,2.3803967327887983,0.49872611464968153,37.65438455149665,46.43115923438469,55.207933917272726
857,10,2,0,34,1.1514705882352942,2.3776223776223775,0.49872611464968153,34.65438455149665,44.93115923438469,55.207933917272726
858,10,2,0,34,1.1514705882352942,2.3748544819557624,0.49872611464968153,31.654384551496648,43.43115923438469,55.207933917272726
859,10,2,0,34,1.1514705882352942,2.3720930232558137,0.49872611464968153,36.65438455149665,45.93115923438469,55.207933917272726
860,10,2,0,34,1.1514705882352942,2.3693379790940767,0.49872611464968153,33.65438455149665,44.43115923438469,55.207933917272726
861,10,2,0,34,1.1514705882352942,2.3665893271461718,0.49872611464968153,30.654384551496648,42.93115923438469,55.207933917272726
862,10,2,0,34,1.1514705882352942,2.3638470451911933,0.49872611464968153,35.65438455149665,45.43115923438469,55.207933917272726
863,10,2,0,34,1.1514705882352942,2.361111111111111,0.49872611464968153,32.65438455149665,43.93115923438469,55.207933917272726
864,10,2,0,34,1.1514705882352942,2.3583815028901736,0.49872611464968153,29.654384551496648,42.43115923438469,55.207933917272726
865,10,2,0,34,1.1514705882352942,2.355658198614319,0.49872611464968153,26.654384551496648,40.93115923438469,55.207933917272726
866,10,2,0,34,1.1514705882352942,2.3529411764705883,0.49872611464968153,31.654384551496648,43.43115923438469,55.207933917272726
867,10,2,0,34,1.1514705882352942,2.3502304147465436,0.49872611464968153,36.65438455149665,45.93115923438469,55.207933917272726
868,10,2,0,34,1.1514705882352942,2.3475258918296893,0.49872611464968153,33.65438455149665,44.43115923438469,55.207933917272726
869,10,2,0,34,1.1514705882352942,2.3448275862068964,0.49872611464968153,30.654384551496648,42.93115923438469,55.207933917272726
870,10,2,0,34,1.1514705882352942,2.3421354764638345,0.49872611464968153,27.654384551496648,41.43115923438469,55.207933917272726
871,10,2,0,34,1.1514705882352942,2.3394495412844036,0.49872611464968153,32.65438455149665,43.93115923438469,55.207933917272726
872,10,2,0,34,1.1514705882352942,2.336769759450172,0.49872611464968153,29.654384551496648,42.43115923438469,55.207933917272726
873,10,2,0,34,1.1514705882352942,2.334096109839817,0.49872611464968153,26.654384551496648,40.93115923438469,55.207933917272726
874,10,2,0,34,1.1514705882352942,2.3314285714285714,0.49872611464968153,23.654384551496648,39.43115923438469,55.207933917272726
875,10,2,0,34,1.1514705882352942,2.328767123287671,0.49872611464968153,28.654384551496648,41.93115923438469,55.207933917272726
876,10,2,0,34,1.1514705882352942,2.3261117445838084,0.49872611464968153,33.65438455149665,44.43115923438469,55.207933917272726
877,10,2,0,34,1.1514705882352942,2.323462414578588,0.49872611464968153,30.654384551496648,42.93115923438469,55.207933917272726
878,10,2,0,34,1.1514705882352942,2.3208191126279862,0.49872611464968153,27.654384551496648,41.43115923438469,55.207933917272726
879,10,2,0,34,1.1514705882352942,2.3181818181818183,0.49872611464968153,24.654384551496648,39.93115923438469,55.207933917272726
880,10,2,0,34,1.1514705882352942,2.3155505107832006,0.49872611464968153,21.654384551496648,38.43115923438469,55.207933917272726
881,10,2,0,34,1.1514705882352942,2.312925170068027,0.49872611464968153,18.654384551496648,36.93115923438469,55.207933917272726
882,10,2,0,34,1.1514705882352942,2.3103057757644394,0.49872611464968153,15.654384551496648,35.43115923438469,55.207933917272726
883,10,2,0,34,1.1514705882352942,2.307692307692308,0.49872611464968153,12.654384551496648,33.93115923438469,55.207933917272726
884,10,2,0,34,1.1514705882352942,2.305084745762712,0.49872611464968153,9.654384551496648,32.43115923438469,55.207933917272726
885,10,2,0,34,1.1514705882352942,2.3024830699774266,0.49872611464968153,14.654384551496648,34.93115923438469,55.207933917272726
886,10,2,0,34,1.1514705882352942,2.2998872604284104,0.49872611464968153,11.654384551496648,33.43115923438469,55.207933917272726
887,10,1,0,34,1.1514705882352942,2.2972972972972974,0.49872611464968153,55.207933917272726,55.207933917272726,55.207933917272726
888,10,1,0,34,1.1514705882352942,2.294713160854893,0.49872611464968153,55.207933917272726,55.207933917272726,55.207933917272726
889,10,1,0,34,1.1514705882352942,2.292134831460674,0.49872611464968153,55.207933917272726,55.207933917272726,55.207933917272726
890,10,1,0,34,1.1514705882352942,2.2895622895622894,0.49872611464968153,55.207933917272726,55.207933917272726,55.207933917272726
891,10,1,0,34,1.1514705882352942,2.286995515695067,0.49872611464968153,55.207933917272726,55.207933917272726,55.207933917272726
892,10,1,0,34,1.1514705882352942,2.284434490481523,0.49872611464968153,55.207933917272726,55.207933917272726,55.207933917272726
893,10,1,0,34,1.1514705882352942,2.2818791946308723,0.49872611464968153,55.207933917272726,55.207933917272726,55.207933917272726
894,10,1,0,34,1.1514705882352942,2.2793296089385477,0.49872611464968153,55.207933917272726,55.207933917272726,55.207933917272726
895,10,1,0,34,1.1514705882352942,2.276785714285714,0.49872611464968153,55.207933917272726,55.207933917272726,55.207933917272726
896,10,1,0,34,1.1514705882352942,2.274247491638796,0.49872611464968153,55.207933917272726,55.207933917272726,55.207933917272726
897,10,1,0,34,1.1514705882352942,2.271714922048998,0.49872611464968153,55.207933917272726,55.207933917272726,55.207933917272726
898,10,1,0,34,1.1514705882352942,2.2691879866518354,0.49872611464968153,55.207933917272726,55.207933917272726,55.207933917272726
899,10,1,0,34,1.1514705882352942,2.2666666666666666,0.49872611464968153,55.207933917272726,55.207933917272726,55.207933917272726
